No,;Time;;Time 1;Time 2;Delay ;;Delay 1;Delay 2;Jitter
1;0;;0;0,021542;0,021542;;0,021542;0;-0,021542
2;0,021542;;0,021542;0,021542;0;;0;0;0
3;0,021542;;0,021542;0,021542;0;;0;0;0
4;0,021542;;0,021542;0,021542;0;;0;0;0
5;0,021542;;0,021542;0,021542;0;;0;0;0
6;0,021542;;0,021542;0,021542;0;;0;0;0
7;0,021542;;0,021542;0,021542;0;;0;0;0
8;0,021542;;0,021542;0,021542;0;;0;0;0
9;0,021542;;0,021542;0,021542;0;;0;0;0
10;0,021542;;0,021542;0,021542;0;;0;0;0
11;0,021542;;0,021542;0,021542;0;;0;0;0
12;0,021542;;0,021542;0,021542;0;;0;0;0
13;0,021542;;0,021542;0,021542;0;;0;0;0
14;0,021542;;0,021542;0,021542;0;;0;0;0
15;0,021542;;0,021542;0,021542;0;;-0,000529;0,000529;0,001058
16;0,021542;;0,021542;0,022071;0,000529;;0,000373;0,000156;-0,000217
17;0,022071;;0,022071;0,022227;0,000156;;5,5E-05;0,000101;4,6E-05
18;0,022227;;0,022227;0,022328;0,000101;;2,5E-05;7,6E-05;5,1E-05
19;0,022328;;0,022328;0,022404;7,6E-05;;3E-06;7,3E-05;7E-05
20;0,022404;;0,022404;0,022477;7,3E-05;;-1,1E-05;8,4E-05;9,5E-05
21;0,022477;;0,022477;0,022561;8,4E-05;;1,5E-05;6,9E-05;5,4E-05
22;0,022561;;0,022561;0,02263;6,9E-05;;-1E-06;7E-05;7,1E-05
23;0,02263;;0,02263;0,0227;7E-05;;-0,00147;0,00154;0,00301
24;0,0227;;0,0227;0,02424;0,00154;;-0,005705;0,007245;0,01295
25;0,02424;;0,02424;0,031485;0,007245;;-0,192563;0,199808;0,392371
26;0,031485;;0,031485;0,231293;0,199808;;0,189812;0,009996;-0,179816
27;0,231293;;0,231293;0,241289;0,009996;;0,009996;0;-0,009996
28;0,241289;;0,241289;0,241289;0;;0;0;0
29;0,241289;;0,241289;0,241289;0;;0;0;0
30;0,241289;;0,241289;0,241289;0;;0;0;0
31;0,241289;;0,241289;0,241289;0;;0;0;0
32;0,241289;;0,241289;0,241289;0;;0;0;0
33;0,241289;;0,241289;0,241289;0;;0;0;0
34;0,241289;;0,241289;0,241289;0;;0;0;0
35;0,241289;;0,241289;0,241289;0;;0;0;0
36;0,241289;;0,241289;0,241289;0;;0;0;0
37;0,241289;;0,241289;0,241289;0;;-0,000435;0,000435;0,00087
38;0,241289;;0,241289;0,241724;0,000435;;-0,001269;0,001704;0,002973
39;0,241724;;0,241724;0,243428;0,001704;;0,001431;0,000273;-0,001158
40;0,243428;;0,243428;0,243701;0,000273;;-0,028031;0,028304;0,056335
41;0,243701;;0,243701;0,272005;0,028304;;0,027862;0,000442;-0,02742
42;0,272005;;0,272005;0,272447;0,000442;;-0,041438;0,04188;0,083318
43;0,272447;;0,272447;0,314327;0,04188;;0,04188;0;-0,04188
44;0,314327;;0,314327;0,314327;0;;-0,00056;0,00056;0,00112
45;0,314327;;0,314327;0,314887;0,00056;;0,000439;0,000121;-0,000318
46;0,314887;;0,314887;0,315008;0,000121;;-0,102172;0,102293;0,204465
47;0,315008;;0,315008;0,417301;0,102293;;0,102293;0;-0,102293
48;0,417301;;0,417301;0,417301;0;;0;0;0
49;0,417301;;0,417301;0,417301;0;;0;0;0
50;0,417301;;0,417301;0,417301;0;;0;0;0
51;0,417301;;0,417301;0,417301;0;;-0,000584;0,000584;0,001168
52;0,417301;;0,417301;0,417885;0,000584;;0,000396;0,000188;-0,000208
53;0,417885;;0,417885;0,418073;0,000188;;-0,019842;0,02003;0,039872
54;0,418073;;0,418073;0,438103;0,02003;;0,00433;0,0157;0,01137
55;0,438103;;0,438103;0,453803;0,0157;;-0,001737;0,017437;0,019174
56;0,453803;;0,453803;0,47124;0,017437;;0,003746;0,013691;0,009945
57;0,47124;;0,47124;0,484931;0,013691;;0,001932;0,011759;0,009827
58;0,484931;;0,484931;0,49669;0,011759;;0,011759;0;-0,011759
59;0,49669;;0,49669;0,49669;0;;0;0;0
60;0,49669;;0,49669;0,49669;0;;-0,005305;0,005305;0,01061
61;0,49669;;0,49669;0,501995;0,005305;;-0,008635;0,01394;0,022575
62;0,501995;;0,501995;0,515935;0,01394;;0,006684;0,007256;0,000572
63;0,515935;;0,515935;0,523191;0,007256;;0,007256;0;-0,007256
64;0,523191;;0,523191;0,523191;0;;0;0;0
65;0,523191;;0,523191;0,523191;0;;0;0;0
66;0,523191;;0,523191;0,523191;0;;0;0;0
67;0,523191;;0,523191;0,523191;0;;-0,007921;0,007921;0,015842
68;0,523191;;0,523191;0,531112;0,007921;;0,00672;0,001201;-0,005519
69;0,531112;;0,531112;0,532313;0,001201;;0,001201;0;-0,001201
70;0,532313;;0,532313;0,532313;0;;0;0;0
71;0,532313;;0,532313;0,532313;0;;-0,014769;0,014769;0,029538
72;0,532313;;0,532313;0,547082;0,014769;;-0,011123;0,025892;0,037015
73;0,547082;;0,547082;0,572974;0,025892;;0,025892;0;-0,025892
74;0,572974;;0,572974;0,572974;0;;0;0;0
75;0,572974;;0,572974;0,572974;0;;-0,002594;0,002594;0,005188
76;0,572974;;0,572974;0,575568;0,002594;;-0,016017;0,018611;0,034628
77;0,575568;;0,575568;0,594179;0,018611;;-0,041525;0,060136;0,101661
78;0,594179;;0,594179;0,654315;0,060136;;0,060136;0;-0,060136
79;0,654315;;0,654315;0,654315;0;;-0,000394;0,000394;0,000788
80;0,654315;;0,654315;0,654709;0,000394;;-0,000394;0,000788;0,001182
81;0,654709;;0,654709;0,655497;0,000788;;-0,071399;0,072187;0,143586
82;0,655497;;0,655497;0,727684;0,072187;;0,072187;0;-0,072187
83;0,727684;;0,727684;0,727684;0;;0;0;0
84;0,727684;;0,727684;0,727684;0;;0;0;0
85;0,727684;;0,727684;0,727684;0;;0;0;0
86;0,727684;;0,727684;0,727684;0;;0;0;0
87;0,727684;;0,727684;0,727684;0;;0;0;0
88;0,727684;;0,727684;0,727684;0;;0;0;0
89;0,727684;;0,727684;0,727684;0;;0;0;0
90;0,727684;;0,727684;0,727684;0;;0;0;0
91;0,727684;;0,727684;0,727684;0;;-0,000513;0,000513;0,001026
92;0,727684;;0,727684;0,728197;0,000513;;0,00038;0,000133;-0,000247
93;0,728197;;0,728197;0,72833;0,000133;;7,8E-05;5,5E-05;-2,3E-05
94;0,72833;;0,72833;0,728385;5,5E-05;;7E-06;4,8E-05;4,1E-05
95;0,728385;;0,728385;0,728433;4,8E-05;;0;4,8E-05;4,8E-05
96;0,728433;;0,728433;0,728481;4,8E-05;;-0,000323;0,000371;0,000694
97;0,728481;;0,728481;0,728852;0,000371;;-0,001991;0,002362;0,004353
98;0,728852;;0,728852;0,731214;0,002362;;-0,015596;0,017958;0,033554
99;0,731214;;0,731214;0,749172;0,017958;;0,00246;0,015498;0,013038
100;0,749172;;0,749172;0,76467;0,015498;;-0,047261;0,062759;0,11002
101;0,76467;;0,76467;0,827429;0,062759;;0,054939;0,00782;-0,047119
102;0,827429;;0,827429;0,835249;0,00782;;0,00782;0;-0,00782
103;0,835249;;0,835249;0,835249;0;;0;0;0
104;0,835249;;0,835249;0,835249;0;;-0,000702;0,000702;0,001404
105;0,835249;;0,835249;0,835951;0,000702;;-0,014891;0,015593;0,030484
106;0,835951;;0,835951;0,851544;0,015593;;0,015593;0;-0,015593
107;0,851544;;0,851544;0,851544;0;;0;0;0
108;0,851544;;0,851544;0,851544;0;;-0,000748;0,000748;0,001496
109;0,851544;;0,851544;0,852292;0,000748;;-0,004126;0,004874;0,009
110;0,852292;;0,852292;0,857166;0,004874;;0,004874;0;-0,004874
111;0,857166;;0,857166;0,857166;0;;0;0;0
112;0,857166;;0,857166;0,857166;0;;-0,015471;0,015471;0,030942
113;0,857166;;0,857166;0,872637;0,015471;;0,012339;0,003132;-0,009207
114;0,872637;;0,872637;0,875769;0,003132;;0,003132;0;-0,003132
115;0,875769;;0,875769;0,875769;0;;0;0;0
116;0,875769;;0,875769;0,875769;0;;-0,013021;0,013021;0,026042
117;0,875769;;0,875769;0,88879;0,013021;;0,012943;7,8E-05;-0,012865
118;0,88879;;0,88879;0,888868;7,8E-05;;7,8E-05;0;-7,8E-05
119;0,888868;;0,888868;0,888868;0;;0;0;0
120;0,888868;;0,888868;0,888868;0;;0;0;0
121;0,888868;;0,888868;0,888868;0;;-0,015919;0,015919;0,031838
122;0,888868;;0,888868;0,904787;0,015919;;0,004062;0,011857;0,007795
123;0,904787;;0,904787;0,916644;0,011857;;0,011634;0,000223;-0,011411
124;0,916644;;0,916644;0,916867;0,000223;;-0,0007;0,000923;0,001623
125;0,916867;;0,916867;0,91779;0,000923;;-0,012242;0,013165;0,025407
126;0,91779;;0,91779;0,930955;0,013165;;0,011235;0,00193;-0,009305
127;0,930955;;0,930955;0,932885;0,00193;;0,00193;0;-0,00193
128;0,932885;;0,932885;0,932885;0;;0;0;0
129;0,932885;;0,932885;0,932885;0;;-0,018197;0,018197;0,036394
130;0,932885;;0,932885;0,951082;0,018197;;0,002167;0,01603;0,013863
131;0,951082;;0,951082;0,967112;0,01603;;-8,8E-05;0,016118;0,016206
132;0,967112;;0,967112;0,98323;0,016118;;0,01608;3,8E-05;-0,016042
133;0,98323;;0,98323;0,983268;3,8E-05;;3,8E-05;0;-3,8E-05
134;0,983268;;0,983268;0,983268;0;;0;0;0
135;0,983268;;0,983268;0,983268;0;;0;0;0
136;0,983268;;0,983268;0,983268;0;;0;0;0
137;0,983268;;0,983268;0,983268;0;;0;0;0
138;0,983268;;0,983268;0,983268;0;;0;0;0
139;0,983268;;0,983268;0,983268;0;;-0,014997;0,014997;0,029994
140;0,983268;;0,983268;0,998265;0,014997;;0,014997;0;-0,014997
141;0,998265;;0,998265;0,998265;0;;0;0;0
142;0,998265;;0,998265;0,998265;0;;-0,000173;0,000173;0,000346
143;0,998265;;0,998265;0,998438;0,000173;;-0,003916;0,004089;0,008005
144;0,998438;;0,998438;1,002527;0,004089;;0,004013;7,6E-05;-0,003937
145;1,002527;;1,002527;1,002603;7,6E-05;;-0,002974;0,00305;0,006024
146;1,002603;;1,002603;1,005653;0,00305;;-0,036479;0,039529;0,076008
147;1,005653;;1,005653;1,045182;0,039529;;0,026243;0,013286;-0,012957
148;1,045182;;1,045182;1,058468;0,013286;;-0,004669;0,017955;0,022624
149;1,058468;;1,058468;1,076423;0,017955;;-0,008252;0,026207;0,034459
150;1,076423;;1,076423;1,102630;0,026207;;0,026207;0;-0,026207
151;1,102630;;1,102630;1,102630;0;;0;0;0
152;1,102630;;1,102630;1,102630;0;;0;0;0
153;1,102630;;1,102630;1,102630;0;;0;0;0
154;1,102630;;1,102630;1,102630;0;;0;0;0
155;1,102630;;1,102630;1,102630;0;;0;0;0
156;1,102630;;1,102630;1,102630;0;;0;0;0
157;1,102630;;1,102630;1,102630;0;;0;0;0
158;1,102630;;1,102630;1,102630;0;;0;0;0
159;1,102630;;1,102630;1,102630;0;;0;0;0
160;1,102630;;1,102630;1,102630;0;;0;0;0
161;1,102630;;1,102630;1,102630;0;;0;0;0
162;1,102630;;1,102630;1,102630;0;;0;0;0
163;1,102630;;1,102630;1,102630;0;;0;0;0
164;1,102630;;1,102630;1,102630;0;;0;0;0
165;1,102630;;1,102630;1,102630;0;;-0,000701;0,000701;0,001402
166;1,102630;;1,102630;1,103331;0,000701;;-0,00378;0,004481;0,008261
167;1,103331;;1,103331;1,107812;0,004481;;-0,010775;0,015256;0,026031
168;1,107812;;1,107812;1,123068;0,015256;;0,015256;0;-0,015256
169;1,123068;;1,123068;1,123068;0;;0;0;0
170;1,123068;;1,123068;1,123068;0;;0;0;0
171;1,123068;;1,123068;1,123068;0;;-0,00017;0,00017;0,00034
172;1,123068;;1,123068;1,123238;0,00017;;-0,01549;0,01566;0,03115
173;1,123238;;1,123238;1,138898;0,01566;;-0,015215;0,030875;0,04609
174;1,138898;;1,138898;1,169773;0,030875;;0,030875;0;-0,030875
175;1,169773;;1,169773;1,169773;0;;0;0;0
176;1,169773;;1,169773;1,169773;0;;0;0;0
177;1,169773;;1,169773;1,169773;0;;0;0;0
178;1,169773;;1,169773;1,169773;0;;0;0;0
179;1,169773;;1,169773;1,169773;0;;0;0;0
180;1,169773;;1,169773;1,169773;0;;0;0;0
181;1,169773;;1,169773;1,169773;0;;-0,015256;0,015256;0,030512
182;1,169773;;1,169773;1,185029;0,015256;;-0,078359;0,093615;0,171974
183;1,185029;;1,185029;1,278644;0,093615;;0,093615;0;-0,093615
184;1,278644;;1,278644;1,278644;0;;0;0;0
185;1,278644;;1,278644;1,278644;0;;-0,000224;0,000224;0,000448
186;1,278644;;1,278644;1,278868;0,000224;;0,000148;7,6E-05;-7,2E-05
187;1,278868;;1,278868;1,278944;7,6E-05;;4,4E-05;3,2E-05;-1,2E-05
188;1,278944;;1,278944;1,278976;3,2E-05;;-0,031286;0,031318;0,062604
189;1,278976;;1,278976;1,310294;0,031318;;0,031318;0;-0,031318
190;1,310294;;1,310294;1,310294;0;;0;0;0
191;1,310294;;1,310294;1,310294;0;;0;0;0
192;1,310294;;1,310294;1,310294;0;;-0,016792;0,016792;0,033584
193;1,310294;;1,310294;1,327086;0,016792;;0,016647;0,000145;-0,016502
194;1,327086;;1,327086;1,327231;0,000145;;9,5E-05;5E-05;-4,5E-05
195;1,327231;;1,327231;1,327281;5E-05;;-5,5E-05;0,000105;0,00016
196;1,327281;;1,327281;1,327386;0,000105;;-0,014647;0,014752;0,029399
197;1,327386;;1,327386;1,342138;0,014752;;0,014752;0;-0,014752
198;1,342138;;1,342138;1,342138;0;;0;0;0
199;1,342138;;1,342138;1,342138;0;;0;0;0
200;1,342138;;1,342138;1,342138;0;;0;0;0
201;1,342138;;1,342138;1,342138;0;;0;0;0
202;1,342138;;1,342138;1,342138;0;;0;0;0
203;1,342138;;1,342138;1,342138;0;;0;0;0
204;1,342138;;1,342138;1,342138;0;;0;0;0
205;1,342138;;1,342138;1,342138;0;;0;0;0
206;1,342138;;1,342138;1,342138;0;;0;0;0
207;1,342138;;1,342138;1,342138;0;;0;0;0
208;1,342138;;1,342138;1,342138;0;;0;0;0
209;1,342138;;1,342138;1,342138;0;;-0,027698;0,027698;0,055396
210;1,342138;;1,342138;1,369836;0,027698;;0,027422;0,000276;-0,027146
211;1,369836;;1,369836;1,370112;0,000276;;0,00022;5,6E-05;-0,000164
212;1,370112;;1,370112;1,370168;5,6E-05;;7E-06;4,9E-05;4,2E-05
213;1,370168;;1,370168;1,370217;4,9E-05;;2E-06;4,7E-05;4,5E-05
214;1,370217;;1,370217;1,370264;4,7E-05;;-0,002935;0,002982;0,005917
215;1,370264;;1,370264;1,373246;0,002982;;0,002982;0;-0,002982
216;1,373246;;1,373246;1,373246;0;;0;0;0
217;1,373246;;1,373246;1,373246;0;;0;0;0
218;1,373246;;1,373246;1,373246;0;;-0,000248;0,000248;0,000496
219;1,373246;;1,373246;1,373494;0,000248;;-0,014634;0,014882;0,029516
220;1,373494;;1,373494;1,388376;0,014882;;-0,016222;0,031104;0,047326
221;1,388376;;1,388376;1,419480;0,031104;;0,031104;0;-0,031104
222;1,419480;;1,419480;1,419480;0;;0;0;0
223;1,419480;;1,419480;1,419480;0;;0;0;0
224;1,419480;;1,419480;1,419480;0;;-0,025307;0,025307;0,050614
225;1,419480;;1,419480;1,444787;0,025307;;0,021647;0,00366;-0,017987
226;1,444787;;1,444787;1,448447;0,00366;;0,00366;0;-0,00366
227;1,448447;;1,448447;1,448447;0;;0;0;0
228;1,448447;;1,448447;1,448447;0;;0;0;0
229;1,448447;;1,448447;1,448447;0;;-0,017887;0,017887;0,035774
230;1,448447;;1,448447;1,466334;0,017887;;-0,028862;0,046749;0,075611
231;1,466334;;1,466334;1,513083;0,046749;;0,046749;0;-0,046749
232;1,513083;;1,513083;1,513083;0;;-0,003229;0,003229;0,006458
233;1,513083;;1,513083;1,516312;0,003229;;0,003229;0;-0,003229
234;1,516312;;1,516312;1,516312;0;;0;0;0
235;1,516312;;1,516312;1,516312;0;;0;0;0
236;1,516312;;1,516312;1,516312;0;;0;0;0
237;1,516312;;1,516312;1,516312;0;;0;0;0
238;1,516312;;1,516312;1,516312;0;;0;0;0
239;1,516312;;1,516312;1,516312;0;;0;0;0
240;1,516312;;1,516312;1,516312;0;;0;0;0
241;1,516312;;1,516312;1,516312;0;;0;0;0
242;1,516312;;1,516312;1,516312;0;;0;0;0
243;1,516312;;1,516312;1,516312;0;;0;0;0
244;1,516312;;1,516312;1,516312;0;;0;0;0
245;1,516312;;1,516312;1,516312;0;;0;0;0
246;1,516312;;1,516312;1,516312;0;;-0,008742;0,008742;0,017484
247;1,516312;;1,516312;1,525054;0,008742;;-0,010005;0,018747;0,028752
248;1,525054;;1,525054;1,543801;0,018747;;0,018747;0;-0,018747
249;1,543801;;1,543801;1,543801;0;;0;0;0
250;1,543801;;1,543801;1,543801;0;;0;0;0
251;1,543801;;1,543801;1,543801;0;;-9,9E-05;9,9E-05;0,000198
252;1,543801;;1,543801;1,543900;9,9E-05;;-0,015079;0,015178;0,030257
253;1,543900;;1,543900;1,559078;0,015178;;-0,000723;0,015901;0,016624
254;1,559078;;1,559078;1,574979;0,015901;;0,015481;0,00042;-0,015061
255;1,574979;;1,574979;1,575399;0,00042;;-0,0066;0,00702;0,01362
256;1,575399;;1,575399;1,582419;0,00702;;0,00702;0;-0,00702
257;1,582419;;1,582419;1,582419;0;;0;0;0
258;1,582419;;1,582419;1,582419;0;;-0,008851;0,008851;0,017702
259;1,582419;;1,582419;1,591270;0,008851;;-0,005996;0,014847;0,020843
260;1,591270;;1,591270;1,606117;0,014847;;0,007539;0,007308;-0,000231
261;1,606117;;1,606117;1,613425;0,007308;;0,007308;0;-0,007308
262;1,613425;;1,613425;1,613425;0;;-0,000458;0,000458;0,000916
263;1,613425;;1,613425;1,613883;0,000458;;-0,007186;0,007644;0,01483
264;1,613883;;1,613883;1,621527;0,007644;;-0,017113;0,024757;0,04187
265;1,621527;;1,621527;1,646284;0,024757;;0,024757;0;-0,024757
266;1,646284;;1,646284;1,646284;0;;0;0;0
267;1,646284;;1,646284;1,646284;0;;-0,007334;0,007334;0,014668
268;1,646284;;1,646284;1,653618;0,007334;;0,000143;0,007191;0,007048
269;1,653618;;1,653618;1,660809;0,007191;;0,007191;0;-0,007191
270;1,660809;;1,660809;1,660809;0;;0;0;0
271;1,660809;;1,660809;1,660809;0;;0;0;0
272;1,660809;;1,660809;1,660809;0;;0;0;0
273;1,660809;;1,660809;1,660809;0;;0;0;0
274;1,660809;;1,660809;1,660809;0;;0;0;0
275;1,660809;;1,660809;1,660809;0;;-0,00154;0,00154;0,00308
276;1,660809;;1,660809;1,662349;0,00154;;0,00154;0;-0,00154
277;1,662349;;1,662349;1,662349;0;;-0,006684;0,006684;0,013368
278;1,662349;;1,662349;1,669033;0,006684;;0,006179;0,000505;-0,005674
279;1,669033;;1,669033;1,669538;0,000505;;-0,002073;0,002578;0,004651
280;1,669538;;1,669538;1,672116;0,002578;;0,002578;0;-0,002578
281;1,672116;;1,672116;1,672116;0;;0;0;0
282;1,672116;;1,672116;1,672116;0;;-0,012657;0,012657;0,025314
283;1,672116;;1,672116;1,684773;0,012657;;0,012657;0;-0,012657
284;1,684773;;1,684773;1,684773;0;;-0,000438;0,000438;0,000876
285;1,684773;;1,684773;1,685211;0,000438;;-0,002309;0,002747;0,005056
286;1,685211;;1,685211;1,687958;0,002747;;-0,001358;0,004105;0,005463
287;1,687958;;1,687958;1,692063;0,004105;;0,000287;0,003818;0,003531
288;1,692063;;1,692063;1,695881;0,003818;;-0,005115;0,008933;0,014048
289;1,695881;;1,695881;1,704814;0,008933;;0,008933;0;-0,008933
290;1,704814;;1,704814;1,704814;0;;-0,004893;0,004893;0,009786
291;1,704814;;1,704814;1,709707;0,004893;;-0,001158;0,006051;0,007209
292;1,709707;;1,709707;1,715758;0,006051;;0,004511;0,00154;-0,002971
293;1,715758;;1,715758;1,717298;0,00154;;-0,005381;0,006921;0,012302
294;1,717298;;1,717298;1,724219;0,006921;;0,006921;0;-0,006921
295;1,724219;;1,724219;1,724219;0;;0;0;0
296;1,724219;;1,724219;1,724219;0;;-0,000396;0,000396;0,000792
297;1,724219;;1,724219;1,724615;0,000396;;-0,007261;0,007657;0,014918
298;1,724615;;1,724615;1,732272;0,007657;;0,007287;0,00037;-0,006917
299;1,732272;;1,732272;1,732642;0,00037;;-0,007935;0,008305;0,01624
300;1,732642;;1,732642;1,740947;0,008305;;0,001353;0,006952;0,005599
301;1,740947;;1,740947;1,747899;0,006952;;0,006542;0,00041;-0,006132
302;1,747899;;1,747899;1,748309;0,00041;;-0,012249;0,012659;0,024908
303;1,748309;;1,748309;1,760968;0,012659;;0,012659;0;-0,012659
304;1,760968;;1,760968;1,760968;0;;-0,001153;0,001153;0,002306
305;1,760968;;1,760968;1,762121;0,001153;;-0,00114;0,002293;0,003433
306;1,762121;;1,762121;1,764414;0,002293;;-0,000272;0,002565;0,002837
307;1,764414;;1,764414;1,766979;0,002565;;0,002565;0;-0,002565
308;1,766979;;1,766979;1,766979;0;;0;0;0
309;1,766979;;1,766979;1,766979;0;;-0,010042;0,010042;0,020084
310;1,766979;;1,766979;1,777021;0,010042;;0,010042;0;-0,010042
311;1,777021;;1,777021;1,777021;0;;0;0;0
312;1,777021;;1,777021;1,777021;0;;0;0;0
313;1,777021;;1,777021;1,777021;0;;-0,00037;0,00037;0,00074
314;1,777021;;1,777021;1,777391;0,00037;;-0,005914;0,006284;0,012198
315;1,777391;;1,777391;1,783675;0,006284;;0,006284;0;-0,006284
316;1,783675;;1,783675;1,783675;0;;-0,000608;0,000608;0,001216
317;1,783675;;1,783675;1,784283;0,000608;;-0,012168;0,012776;0,024944
318;1,784283;;1,784283;1,797059;0,012776;;0,012776;0;-0,012776
319;1,797059;;1,797059;1,797059;0;;0;0;0
320;1,797059;;1,797059;1,797059;0;;-0,011702;0,011702;0,023404
321;1,797059;;1,797059;1,808761;0,011702;;0,01139;0,000312;-0,011078
322;1,808761;;1,808761;1,809073;0,000312;;-0,014448;0,01476;0,029208
323;1,809073;;1,809073;1,823833;0,01476;;-0,017806;0,032566;0,050372
324;1,823833;;1,823833;1,856399;0,032566;;0,032566;0;-0,032566
325;1,856399;;1,856399;1,856399;0;;0;0;0
326;1,856399;;1,856399;1,856399;0;;0;0;0
327;1,856399;;1,856399;1,856399;0;;0;0;0
328;1,856399;;1,856399;1,856399;0;;0;0;0
329;1,856399;;1,856399;1,856399;0;;0;0;0
330;1,856399;;1,856399;1,856399;0;;0;0;0
331;1,856399;;1,856399;1,856399;0;;0;0;0
332;1,856399;;1,856399;1,856399;0;;0;0;0
333;1,856399;;1,856399;1,856399;0;;-0,000831;0,000831;0,001662
334;1,856399;;1,856399;1,857230;0,000831;;-0,008788;0,009619;0,018407
335;1,857230;;1,857230;1,866849;0,009619;;0,009619;0;-0,009619
336;1,866849;;1,866849;1,866849;0;;-0,000453;0,000453;0,000906
337;1,866849;;1,866849;1,867302;0,000453;;-0,010439;0,010892;0,021331
338;1,867302;;1,867302;1,878194;0,010892;;0,002088;0,008804;0,006716
339;1,878194;;1,878194;1,886998;0,008804;;-0,0088;0,017604;0,026404
340;1,886998;;1,886998;1,904602;0,017604;;0,017604;0;-0,017604
341;1,904602;;1,904602;1,904602;0;;0;0;0
342;1,904602;;1,904602;1,904602;0;;0;0;0
343;1,904602;;1,904602;1,904602;0;;0;0;0
344;1,904602;;1,904602;1,904602;0;;0;0;0
345;1,904602;;1,904602;1,904602;0;;0;0;0
346;1,904602;;1,904602;1,904602;0;;-0,012618;0,012618;0,025236
347;1,904602;;1,904602;1,917220;0,012618;;-0,028875;0,041493;0,070368
348;1,917220;;1,917220;1,958713;0,041493;;0,041493;0;-0,041493
349;1,958713;;1,958713;1,958713;0;;-0,002515;0,002515;0,00503
350;1,958713;;1,958713;1,961228;0,002515;;0,002515;0;-0,002515
351;1,961228;;1,961228;1,961228;0;;-0,002282;0,002282;0,004564
352;1,961228;;1,961228;1,963510;0,002282;;-0,006385;0,008667;0,015052
353;1,963510;;1,963510;1,972177;0,008667;;0,008667;0;-0,008667
354;1,972177;;1,972177;1,972177;0;;0;0;0
355;1,972177;;1,972177;1,972177;0;;-0,000546;0,000546;0,001092
356;1,972177;;1,972177;1,972723;0,000546;;-0,003325;0,003871;0,007196
357;1,972723;;1,972723;1,976594;0,003871;;0,003871;0;-0,003871
358;1,976594;;1,976594;1,976594;0;;0;0;0
359;1,976594;;1,976594;1,976594;0;;0;0;0
360;1,976594;;1,976594;1,976594;0;;0;0;0
361;1,976594;;1,976594;1,976594;0;;0;0;0
362;1,976594;;1,976594;1,976594;0;;0;0;0
363;1,976594;;1,976594;1,976594;0;;0;0;0
364;1,976594;;1,976594;1,976594;0;;-0,000561;0,000561;0,001122
365;1,976594;;1,976594;1,977155;0,000561;;-0,00424;0,004801;0,009041
366;1,977155;;1,977155;1,981956;0,004801;;0,004801;0;-0,004801
367;1,981956;;1,981956;1,981956;0;;-0,009059;0,009059;0,018118
368;1,981956;;1,981956;1,991015;0,009059;;0,009059;0;-0,009059
369;1,991015;;1,991015;1,991015;0;;-0,000437;0,000437;0,000874
370;1,991015;;1,991015;1,991452;0,000437;;-0,012346;0,012783;0,025129
371;1,991452;;1,991452;2,004235;0,012783;;0,012783;0;-0,012783
372;2,004235;;2,004235;2,004235;0;;-0,00045;0,00045;0,0009
373;2,004235;;2,004235;2,004685;0,00045;;-0,006555;0,007005;0,01356
374;2,004685;;2,004685;2,011690;0,007005;;0,005105;0,0019;-0,003205
375;2,011690;;2,011690;2,013590;0,0019;;0,001792;0,000108;-0,001684
376;2,013590;;2,013590;2,013698;0,000108;;7,3E-05;3,5E-05;-3,8E-05
377;2,013698;;2,013698;2,013733;3,5E-05;;-0,066139;0,066174;0,132313
378;2,013733;;2,013733;2,079907;0,066174;;0,063029;0,003145;-0,059884
379;2,079907;;2,079907;2,083052;0,003145;;-0,00097;0,004115;0,005085
380;2,083052;;2,083052;2,087167;0,004115;;0,004076;3,9E-05;-0,004037
381;2,087167;;2,087167;2,087206;3,9E-05;;-0,01559;0,015629;0,031219
382;2,087206;;2,087206;2,102835;0,015629;;-0,048794;0,064423;0,113217
383;2,102835;;2,102835;2,167258;0,064423;;-0,242407;0,30683;0,549237
384;2,167258;;2,167258;2,474088;0,30683;;0,306693;0,000137;-0,306556
385;2,474088;;2,474088;2,474225;0,000137;;0,000137;0;-0,000137
386;2,474225;;2,474225;2,474225;0;;0;0;0
387;2,474225;;2,474225;2,474225;0;;0;0;0
388;2,474225;;2,474225;2,474225;0;;-0,290741;0,290741;0,581482
389;2,474225;;2,474225;2,764966;0,290741;;0,254646;0,036095;-0,218551
390;2,764966;;2,764966;2,801061;0,036095;;0,036095;0;-0,036095
391;2,801061;;2,801061;2,801061;0;;0;0;0
392;2,801061;;2,801061;2,801061;0;;0;0;0
393;2,801061;;2,801061;2,801061;0;;0;0;0
394;2,801061;;2,801061;2,801061;0;;-0,000142;0,000142;0,000284
395;2,801061;;2,801061;2,801203;0,000142;;-0,013004;0,013146;0,02615
396;2,801203;;2,801203;2,814349;0,013146;;0,013008;0,000138;-0,01287
397;2,814349;;2,814349;2,814487;0,000138;;0,000138;0;-0,000138
398;2,814487;;2,814487;2,814487;0;;0;0;0
399;2,814487;;2,814487;2,814487;0;;0;0;0
400;2,814487;;2,814487;2,814487;0;;0;0;0
401;2,814487;;2,814487;2,814487;0;;0;0;0
402;2,814487;;2,814487;2,814487;0;;0;0;0
403;2,814487;;2,814487;2,814487;0;;0;0;0
404;2,814487;;2,814487;2,814487;0;;-0,24457;0,24457;0,48914
405;2,814487;;2,814487;3,059057;0,24457;;0,244268;0,000302;-0,243966
406;3,059057;;3,059057;3,059359;0,000302;;-0,02628;0,026582;0,052862
407;3,059359;;3,059359;3,085941;0,026582;;0,026582;0;-0,026582
408;3,085941;;3,085941;3,085941;0;;0;0;0
409;3,085941;;3,085941;3,085941;0;;0;0;0
410;3,085941;;3,085941;3,085941;0;;-0,043244;0,043244;0,086488
411;3,085941;;3,085941;3,129185;0,043244;;0,030634;0,01261;-0,018024
412;3,129185;;3,129185;3,141795;0,01261;;0,012294;0,000316;-0,011978
413;3,141795;;3,141795;3,142111;0,000316;;7,4E-05;0,000242;0,000168
414;3,142111;;3,142111;3,142353;0,000242;;-0,049345;0,049587;0,098932
415;3,142353;;3,142353;3,191940;0,049587;;0,039998;0,009589;-0,030409
416;3,191940;;3,191940;3,201529;0,009589;;0,002659;0,00693;0,004271
417;3,201529;;3,201529;3,208459;0,00693;;0,003551;0,003379;-0,000172
418;3,208459;;3,208459;3,211838;0,003379;;0,003247;0,000132;-0,003115
419;3,211838;;3,211838;3,211970;0,000132;;-0,009508;0,00964;0,019148
420;3,211970;;3,211970;3,221610;0,00964;;0,009535;0,000105;-0,00943
421;3,221610;;3,221610;3,221715;0,000105;;-0,055376;0,055481;0,110857
422;3,221715;;3,221715;3,277196;0,055481;;0,055481;0;-0,055481
423;3,277196;;3,277196;3,277196;0;;0;0;0
424;3,277196;;3,277196;3,277196;0;;-0,001905;0,001905;0,00381
425;3,277196;;3,277196;3,279101;0,001905;;-0,053733;0,055638;0,109371
426;3,279101;;3,279101;3,334739;0,055638;;0,055638;0;-0,055638
427;3,334739;;3,334739;3,334739;0;;0;0;0
428;3,334739;;3,334739;3,334739;0;;0;0;0
429;3,334739;;3,334739;3,334739;0;;-0,00062;0,00062;0,00124
430;3,334739;;3,334739;3,335359;0,00062;;7,1E-05;0,000549;0,000478
431;3,335359;;3,335359;3,335908;0,000549;;-0,051009;0,051558;0,102567
432;3,335908;;3,335908;3,387466;0,051558;;-0,229801;0,281359;0,51116
433;3,387466;;3,387466;3,668825;0,281359;;0,281145;0,000214;-0,280931
434;3,668825;;3,668825;3,669039;0,000214;;-0,005824;0,006038;0,011862
435;3,669039;;3,669039;3,675077;0,006038;;0,005813;0,000225;-0,005588
436;3,675077;;3,675077;3,675302;0,000225;;-0,043263;0,043488;0,086751
437;3,675302;;3,675302;3,718790;0,043488;;-0,004775;0,048263;0,053038
438;3,718790;;3,718790;3,767053;0,048263;;0,036497;0,011766;-0,024731
439;3,767053;;3,767053;3,778819;0,011766;;-0,003284;0,01505;0,018334
440;3,778819;;3,778819;3,793869;0,01505;;-0,07864;0,09369;0,17233
441;3,793869;;3,793869;3,887559;0,09369;;0,026397;0,067293;0,040896
442;3,887559;;3,887559;3,954852;0,067293;;0,06588;0,001413;-0,064467
443;3,954852;;3,954852;3,956265;0,001413;;-0,05982;0,061233;0,121053
444;3,956265;;3,956265;4,017498;0,061233;;0,061092;0,000141;-0,060951
445;4,017498;;4,017498;4,017639;0,000141;;-0,000284;0,000425;0,000709
446;4,017639;;4,017639;4,018064;0,000425;;-0,04875;0,049175;0,097925
447;4,018064;;4,018064;4,067239;0,049175;;0,049175;0;-0,049175
448;4,067239;;4,067239;4,067239;0;;0;0;0
449;4,067239;;4,067239;4,067239;0;;-8,4E-05;8,4E-05;0,000168
450;4,067239;;4,067239;4,067323;8,4E-05;;-3,9E-05;0,000123;0,000162
451;4,067323;;4,067323;4,067446;0,000123;;-3,8E-05;0,000161;0,000199
452;4,067446;;4,067446;4,067607;0,000161;;-0,059456;0,059617;0,119073
453;4,067607;;4,067607;4,127224;0,059617;;-0,572003;0,63162;1,203623
454;4,127224;;4,127224;4,758844;0,63162;;-0,235956;0,867576;1,103532
455;4,758844;;4,758844;5,626420;0,867576;;0,86211;0,005466;-0,856644
456;5,626420;;5,626420;5,631886;0,005466;;0,005416;5E-05;-0,005366
457;5,631886;;5,631886;5,631936;5E-05;;-0,128264;0,128314;0,256578
458;5,631936;;5,631936;5,760250;0,128314;;0,112226;0,016088;-0,096138
459;5,760250;;5,760250;5,776338;0,016088;;-0,004072;0,02016;0,024232
460;5,776338;;5,776338;5,796498;0,02016;;0,018022;0,002138;-0,015884
461;5,796498;;5,796498;5,798636;0,002138;;-0,000715;0,002853;0,003568
462;5,798636;;5,798636;5,801489;0,002853;;0,002853;0;-0,002853
463;5,801489;;5,801489;5,801489;0;;0;0;0
464;5,801489;;5,801489;5,801489;0;;-0,005196;0,005196;0,010392
465;5,801489;;5,801489;5,806685;0,005196;;-0,005474;0,01067;0,016144
466;5,806685;;5,806685;5,817355;0,01067;;0,01067;0;-0,01067
467;5,817355;;5,817355;5,817355;0;;0;0;0
468;5,817355;;5,817355;5,817355;0;;-0,010096;0,010096;0,020192
469;5,817355;;5,817355;5,827451;0,010096;;0,010096;0;-0,010096
470;5,827451;;5,827451;5,827451;0;;-0,000549;0,000549;0,001098
471;5,827451;;5,827451;5,828000;0,000549;;-0,008275;0,008824;0,017099
472;5,828000;;5,828000;5,836824;0,008824;;0,008824;0;-0,008824
473;5,836824;;5,836824;5,836824;0;;0;0;0
474;5,836824;;5,836824;5,836824;0;;-0,017521;0,017521;0,035042
475;5,836824;;5,836824;5,854345;0,017521;;0,008411;0,00911;0,000699
476;5,854345;;5,854345;5,863455;0,00911;;0,00911;0;-0,00911
477;5,863455;;5,863455;5,863455;0;;0;0;0
478;5,863455;;5,863455;5,863455;0;;0;0;0
479;5,863455;;5,863455;5,863455;0;;0;0;0
480;5,863455;;5,863455;5,863455;0;;-0,018209;0,018209;0,036418
481;5,863455;;5,863455;5,881664;0,018209;;0,017781;0,000428;-0,017353
482;5,881664;;5,881664;5,882092;0,000428;;-0,004546;0,004974;0,00952
483;5,882092;;5,882092;5,887066;0,004974;;0,004974;0;-0,004974
484;5,887066;;5,887066;5,887066;0;;-0,001562;0,001562;0,003124
485;5,887066;;5,887066;5,888628;0,001562;;0,001562;0;-0,001562
486;5,888628;;5,888628;5,888628;0;;0;0;0
487;5,888628;;5,888628;5,888628;0;;0;0;0
488;5,888628;;5,888628;5,888628;0;;-0,011937;0,011937;0,023874
489;5,888628;;5,888628;5,900565;0,011937;;-0,028066;0,040003;0,068069
490;5,900565;;5,900565;5,940568;0,040003;;0,038073;0,00193;-0,036143
491;5,940568;;5,940568;5,942498;0,00193;;-0,008857;0,010787;0,019644
492;5,942498;;5,942498;5,953285;0,010787;;0,010335;0,000452;-0,009883
493;5,953285;;5,953285;5,953737;0,000452;;-0,002568;0,00302;0,005588
494;5,953737;;5,953737;5,956757;0,00302;;0,00302;0;-0,00302
495;5,956757;;5,956757;5,956757;0;;-0,006215;0,006215;0,01243
496;5,956757;;5,956757;5,962972;0,006215;;0,006215;0;-0,006215
497;5,962972;;5,962972;5,962972;0;;-0,000875;0,000875;0,00175
498;5,962972;;5,962972;5,963847;0,000875;;-0,001245;0,00212;0,003365
499;5,963847;;5,963847;5,965967;0,00212;;-0,008604;0,010724;0,019328
500;5,965967;;5,965967;5,976691;0,010724;;0,010724;0;-0,010724
501;5,976691;;5,976691;5,976691;0;;0;0;0
502;5,976691;;5,976691;5,976691;0;;-0,000538;0,000538;0,001076
503;5,976691;;5,976691;5,977229;0,000538;;0,000139;0,000399;0,00026
504;5,977229;;5,977229;5,977628;0,000399;;-0,009669;0,010068;0,019737
505;5,977628;;5,977628;5,987696;0,010068;;0,010068;0;-0,010068
506;5,987696;;5,987696;5,987696;0;;0;0;0
507;5,987696;;5,987696;5,987696;0;;0;0;0
508;5,987696;;5,987696;5,987696;0;;0;0;0
509;5,987696;;5,987696;5,987696;0;;0;0;0
510;5,987696;;5,987696;5,987696;0;;0;0;0
511;5,987696;;5,987696;5,987696;0;;-0,000408;0,000408;0,000816
512;5,987696;;5,987696;5,988104;0,000408;;-0,001817;0,002225;0,004042
513;5,988104;;5,988104;5,990329;0,002225;;0,002225;0;-0,002225
514;5,990329;;5,990329;5,990329;0;;0;0;0
515;5,990329;;5,990329;5,990329;0;;0;0;0
516;5,990329;;5,990329;5,990329;0;;-0,000386;0,000386;0,000772
517;5,990329;;5,990329;5,990715;0,000386;;-0,000716;0,001102;0,001818
518;5,990715;;5,990715;5,991817;0,001102;;0,001102;0;-0,001102
519;5,991817;;5,991817;5,991817;0;;-0,016607;0,016607;0,033214
520;5,991817;;5,991817;6,008424;0,016607;;0,005311;0,011296;0,005985
521;6,008424;;6,008424;6,019720;0,011296;;0,011296;0;-0,011296
522;6,019720;;6,019720;6,019720;0;;0;0;0
523;6,019720;;6,019720;6,019720;0;;0;0;0
524;6,019720;;6,019720;6,019720;0;;-0,004636;0,004636;0,009272
525;6,019720;;6,019720;6,024356;0,004636;;0,004636;0;-0,004636
526;6,024356;;6,024356;6,024356;0;;-0,014594;0,014594;0,029188
527;6,024356;;6,024356;6,038950;0,014594;;-0,005699;0,020293;0,025992
528;6,038950;;6,038950;6,059243;0,020293;;0,020293;0;-0,020293
529;6,059243;;6,059243;6,059243;0;;-0,009149;0,009149;0,018298
530;6,059243;;6,059243;6,068392;0,009149;;0,009149;0;-0,009149
531;6,068392;;6,068392;6,068392;0;;-0,000461;0,000461;0,000922
532;6,068392;;6,068392;6,068853;0,000461;;0,000159;0,000302;0,000143
533;6,068853;;6,068853;6,069155;0,000302;;-0,032;0,032302;0,064302
534;6,069155;;6,069155;6,101457;0,032302;;0,032302;0;-0,032302
535;6,101457;;6,101457;6,101457;0;;0;0;0
536;6,101457;;6,101457;6,101457;0;;0;0;0
537;6,101457;;6,101457;6,101457;0;;0;0;0
538;6,101457;;6,101457;6,101457;0;;0;0;0
539;6,101457;;6,101457;6,101457;0;;0;0;0
540;6,101457;;6,101457;6,101457;0;;0;0;0
541;6,101457;;6,101457;6,101457;0;;0;0;0
542;6,101457;;6,101457;6,101457;0;;0;0;0
543;6,101457;;6,101457;6,101457;0;;0;0;0
544;6,101457;;6,101457;6,101457;0;;0;0;0
545;6,101457;;6,101457;6,101457;0;;0;0;0
546;6,101457;;6,101457;6,101457;0;;0;0;0
547;6,101457;;6,101457;6,101457;0;;-0,001071;0,001071;0,002142
548;6,101457;;6,101457;6,102528;0,001071;;-0,000767;0,001838;0,002605
549;6,102528;;6,102528;6,104366;0,001838;;0,001838;0;-0,001838
550;6,104366;;6,104366;6,104366;0;;-0,013362;0,013362;0,026724
551;6,104366;;6,104366;6,117728;0,013362;;0,013285;7,7E-05;-0,013208
552;6,117728;;6,117728;6,117805;7,7E-05;;7,7E-05;0;-7,7E-05
553;6,117805;;6,117805;6,117805;0;;-0,014963;0,014963;0,029926
554;6,117805;;6,117805;6,132768;0,014963;;0,014963;0;-0,014963
555;6,132768;;6,132768;6,132768;0;;0;0;0
556;6,132768;;6,132768;6,132768;0;;0;0;0
557;6,132768;;6,132768;6,132768;0;;-0,000152;0,000152;0,000304
558;6,132768;;6,132768;6,132920;0,000152;;-0,014746;0,014898;0,029644
559;6,132920;;6,132920;6,147818;0,014898;;0,002571;0,012327;0,009756
560;6,147818;;6,147818;6,160145;0,012327;;0,007687;0,00464;-0,003047
561;6,160145;;6,160145;6,164785;0,00464;;-0,002045;0,006685;0,00873
562;6,164785;;6,164785;6,171470;0,006685;;0,006685;0;-0,006685
563;6,171470;;6,171470;6,171470;0;;0;0;0
564;6,171470;;6,171470;6,171470;0;;-0,000416;0,000416;0,000832
565;6,171470;;6,171470;6,171886;0,000416;;-0,021919;0,022335;0,044254
566;6,171886;;6,171886;6,194221;0,022335;;0,016817;0,005518;-0,011299
567;6,194221;;6,194221;6,199739;0,005518;;0,005518;0;-0,005518
568;6,199739;;6,199739;6,199739;0;;0;0;0
569;6,199739;;6,199739;6,199739;0;;0;0;0
570;6,199739;;6,199739;6,199739;0;;0;0;0
571;6,199739;;6,199739;6,199739;0;;0;0;0
572;6,199739;;6,199739;6,199739;0;;0;0;0
573;6,199739;;6,199739;6,199739;0;;0;0;0
574;6,199739;;6,199739;6,199739;0;;0;0;0
575;6,199739;;6,199739;6,199739;0;;-0,003994;0,003994;0,007988
576;6,199739;;6,199739;6,203733;0,003994;;0,003994;0;-0,003994
577;6,203733;;6,203733;6,203733;0;;0;0;0
578;6,203733;;6,203733;6,203733;0;;0;0;0
579;6,203733;;6,203733;6,203733;0;;-0,00043;0,00043;0,00086
580;6,203733;;6,203733;6,204163;0,00043;;-0,001695;0,002125;0,00382
581;6,204163;;6,204163;6,206288;0,002125;;0,002125;0;-0,002125
582;6,206288;;6,206288;6,206288;0;;-0,003525;0,003525;0,00705
583;6,206288;;6,206288;6,209813;0,003525;;-0,00638;0,009905;0,016285
584;6,209813;;6,209813;6,219718;0,009905;;0,009905;0;-0,009905
585;6,219718;;6,219718;6,219718;0;;0;0;0
586;6,219718;;6,219718;6,219718;0;;0;0;0
587;6,219718;;6,219718;6,219718;0;;0;0;0
588;6,219718;;6,219718;6,219718;0;;0;0;0
589;6,219718;;6,219718;6,219718;0;;0;0;0
590;6,219718;;6,219718;6,219718;0;;0;0;0
591;6,219718;;6,219718;6,219718;0;;-0,000518;0,000518;0,001036
592;6,219718;;6,219718;6,220236;0,000518;;-0,014342;0,01486;0,029202
593;6,220236;;6,220236;6,235096;0,01486;;0,01486;0;-0,01486
594;6,235096;;6,235096;6,235096;0;;0;0;0
595;6,235096;;6,235096;6,235096;0;;0;0;0
596;6,235096;;6,235096;6,235096;0;;-0,000447;0,000447;0,000894
597;6,235096;;6,235096;6,235543;0,000447;;-0,02041;0,020857;0,041267
598;6,235543;;6,235543;6,256400;0,020857;;0,016246;0,004611;-0,011635
599;6,256400;;6,256400;6,261011;0,004611;;0,004611;0;-0,004611
600;6,261011;;6,261011;6,261011;0;;-0,004026;0,004026;0,008052
601;6,261011;;6,261011;6,265037;0,004026;;0,004026;0;-0,004026
602;6,265037;;6,265037;6,265037;0;;0;0;0
603;6,265037;;6,265037;6,265037;0;;-0,006917;0,006917;0,013834
604;6,265037;;6,265037;6,271954;0,006917;;0,002153;0,004764;0,002611
605;6,271954;;6,271954;6,276718;0,004764;;0,004764;0;-0,004764
606;6,276718;;6,276718;6,276718;0;;0;0;0
607;6,276718;;6,276718;6,276718;0;;0;0;0
608;6,276718;;6,276718;6,276718;0;;0;0;0
609;6,276718;;6,276718;6,276718;0;;-0,00278;0,00278;0,00556
610;6,276718;;6,276718;6,279498;0,00278;;-0,005504;0,008284;0,013788
611;6,279498;;6,279498;6,287782;0,008284;;0,007869;0,000415;-0,007454
612;6,287782;;6,287782;6,288197;0,000415;;-0,014857;0,015272;0,030129
613;6,288197;;6,288197;6,303469;0,015272;;0,011709;0,003563;-0,008146
614;6,303469;;6,303469;6,307032;0,003563;;0,003563;0;-0,003563
615;6,307032;;6,307032;6,307032;0;;0;0;0
616;6,307032;;6,307032;6,307032;0;;-0,004518;0,004518;0,009036
617;6,307032;;6,307032;6,311550;0,004518;;0,004518;0;-0,004518
618;6,311550;;6,311550;6,311550;0;;-0,002216;0,002216;0,004432
619;6,311550;;6,311550;6,313766;0,002216;;0,001803;0,000413;-0,00139
620;6,313766;;6,313766;6,314179;0,000413;;-0,007608;0,008021;0,015629
621;6,314179;;6,314179;6,322200;0,008021;;0,008021;0;-0,008021
622;6,322200;;6,322200;6,322200;0;;0;0;0
623;6,322200;;6,322200;6,322200;0;;0;0;0
624;6,322200;;6,322200;6,322200;0;;0;0;0
625;6,322200;;6,322200;6,322200;0;;0;0;0
626;6,322200;;6,322200;6,322200;0;;-0,012201;0,012201;0,024402
627;6,322200;;6,322200;6,334401;0,012201;;0,005051;0,00715;0,002099
628;6,334401;;6,334401;6,341551;0,00715;;-0,001004;0,008154;0,009158
629;6,341551;;6,341551;6,349705;0,008154;;-0,007166;0,01532;0,022486
630;6,349705;;6,349705;6,365025;0,01532;;0,012803;0,002517;-0,010286
631;6,365025;;6,365025;6,367542;0,002517;;0,002517;0;-0,002517
632;6,367542;;6,367542;6,367542;0;;-0,012506;0,012506;0,025012
633;6,367542;;6,367542;6,380048;0,012506;;-0,083247;0,095753;0,179
634;6,380048;;6,380048;6,475801;0,095753;;0,095753;0;-0,095753
635;6,475801;;6,475801;6,475801;0;;0;0;0
636;6,475801;;6,475801;6,475801;0;;0;0;0
637;6,475801;;6,475801;6,475801;0;;0;0;0
638;6,475801;;6,475801;6,475801;0;;0;0;0
639;6,475801;;6,475801;6,475801;0;;0;0;0
640;6,475801;;6,475801;6,475801;0;;0;0;0
641;6,475801;;6,475801;6,475801;0;;0;0;0
642;6,475801;;6,475801;6,475801;0;;0;0;0
643;6,475801;;6,475801;6,475801;0;;0;0;0
644;6,475801;;6,475801;6,475801;0;;0;0;0
645;6,475801;;6,475801;6,475801;0;;0;0;0
646;6,475801;;6,475801;6,475801;0;;0;0;0
647;6,475801;;6,475801;6,475801;0;;0;0;0
648;6,475801;;6,475801;6,475801;0;;-0,000612;0,000612;0,001224
649;6,475801;;6,475801;6,476413;0,000612;;0,000496;0,000116;-0,00038
650;6,476413;;6,476413;6,476529;0,000116;;5,8E-05;5,8E-05;0
651;6,476529;;6,476529;6,476587;5,8E-05;;3E-06;5,5E-05;5,2E-05
652;6,476587;;6,476587;6,476642;5,5E-05;;-0,001505;0,00156;0,003065
653;6,476642;;6,476642;6,478202;0,00156;;0,00156;0;-0,00156
654;6,478202;;6,478202;6,478202;0;;0;0;0
655;6,478202;;6,478202;6,478202;0;;0;0;0
656;6,478202;;6,478202;6,478202;0;;0;0;0
657;6,478202;;6,478202;6,478202;0;;0;0;0
658;6,478202;;6,478202;6,478202;0;;0;0;0
659;6,478202;;6,478202;6,478202;0;;-0,000316;0,000316;0,000632
660;6,478202;;6,478202;6,478518;0,000316;;-0,007474;0,00779;0,015264
661;6,478518;;6,478518;6,486308;0,00779;;0,00779;0;-0,00779
662;6,486308;;6,486308;6,486308;0;;0;0;0
663;6,486308;;6,486308;6,486308;0;;0;0;0
664;6,486308;;6,486308;6,486308;0;;-0,000561;0,000561;0,001122
665;6,486308;;6,486308;6,486869;0,000561;;-0,01413;0,014691;0,028821
666;6,486869;;6,486869;6,501560;0,014691;;-0,013274;0,027965;0,041239
667;6,501560;;6,501560;6,529525;0,027965;;0,027965;0;-0,027965
668;6,529525;;6,529525;6,529525;0;;-0,002706;0,002706;0,005412
669;6,529525;;6,529525;6,532231;0,002706;;-0,011967;0,014673;0,02664
670;6,532231;;6,532231;6,546904;0,014673;;-0,004514;0,019187;0,023701
671;6,546904;;6,546904;6,566091;0,019187;;0,019187;0;-0,019187
672;6,566091;;6,566091;6,566091;0;;0;0;0
673;6,566091;;6,566091;6,566091;0;;0;0;0
674;6,566091;;6,566091;6,566091;0;;-0,006221;0,006221;0,012442
675;6,566091;;6,566091;6,572312;0,006221;;0,006221;0;-0,006221
676;6,572312;;6,572312;6,572312;0;;0;0;0
677;6,572312;;6,572312;6,572312;0;;0;0;0
678;6,572312;;6,572312;6,572312;0;;0;0;0
679;6,572312;;6,572312;6,572312;0;;0;0;0
680;6,572312;;6,572312;6,572312;0;;0;0;0
681;6,572312;;6,572312;6,572312;0;;0;0;0
682;6,572312;;6,572312;6,572312;0;;-0,000519;0,000519;0,001038
683;6,572312;;6,572312;6,572831;0,000519;;-0,011239;0,011758;0,022997
684;6,572831;;6,572831;6,584589;0,011758;;0,011758;0;-0,011758
685;6,584589;;6,584589;6,584589;0;;0;0;0
686;6,584589;;6,584589;6,584589;0;;0;0;0
687;6,584589;;6,584589;6,584589;0;;-0,000601;0,000601;0,001202
688;6,584589;;6,584589;6,585190;0,000601;;-0,00809;0,008691;0,016781
689;6,585190;;6,585190;6,593881;0,008691;;0,001267;0,007424;0,006157
690;6,593881;;6,593881;6,601305;0,007424;;0,007424;0;-0,007424
691;6,601305;;6,601305;6,601305;0;;-0,007908;0,007908;0,015816
692;6,601305;;6,601305;6,609213;0,007908;;-0,054808;0,062716;0,117524
693;6,609213;;6,609213;6,671929;0,062716;;0,062716;0;-0,062716
694;6,671929;;6,671929;6,671929;0;;0;0;0
695;6,671929;;6,671929;6,671929;0;;0;0;0
696;6,671929;;6,671929;6,671929;0;;-0,002085;0,002085;0,00417
697;6,671929;;6,671929;6,674014;0,002085;;0,002085;0;-0,002085
698;6,674014;;6,674014;6,674014;0;;0;0;0
699;6,674014;;6,674014;6,674014;0;;0;0;0
700;6,674014;;6,674014;6,674014;0;;0;0;0
701;6,674014;;6,674014;6,674014;0;;0;0;0
702;6,674014;;6,674014;6,674014;0;;0;0;0
703;6,674014;;6,674014;6,674014;0;;0;0;0
704;6,674014;;6,674014;6,674014;0;;0;0;0
705;6,674014;;6,674014;6,674014;0;;0;0;0
706;6,674014;;6,674014;6,674014;0;;0;0;0
707;6,674014;;6,674014;6,674014;0;;0;0;0
708;6,674014;;6,674014;6,674014;0;;0;0;0
709;6,674014;;6,674014;6,674014;0;;0;0;0
710;6,674014;;6,674014;6,674014;0;;0;0;0
711;6,674014;;6,674014;6,674014;0;;0;0;0
712;6,674014;;6,674014;6,674014;0;;-0,000216;0,000216;0,000432
713;6,674014;;6,674014;6,674230;0,000216;;-7,6E-05;0,000292;0,000368
714;6,674230;;6,674230;6,674522;0,000292;;2E-05;0,000272;0,000252
715;6,674522;;6,674522;6,674794;0,000272;;-0,009636;0,009908;0,019544
716;6,674794;;6,674794;6,684702;0,009908;;0,009908;0;-0,009908
717;6,684702;;6,684702;6,684702;0;;0;0;0
718;6,684702;;6,684702;6,684702;0;;0;0;0
719;6,684702;;6,684702;6,684702;0;;0;0;0
720;6,684702;;6,684702;6,684702;0;;-0,00067;0,00067;0,00134
721;6,684702;;6,684702;6,685372;0,00067;;-0,000859;0,001529;0,002388
722;6,685372;;6,685372;6,686901;0,001529;;-0,002636;0,004165;0,006801
723;6,686901;;6,686901;6,691066;0,004165;;0,004165;0;-0,004165
724;6,691066;;6,691066;6,691066;0;;-0,002045;0,002045;0,00409
725;6,691066;;6,691066;6,693111;0,002045;;0,002045;0;-0,002045
726;6,693111;;6,693111;6,693111;0;;-0,009067;0,009067;0,018134
727;6,693111;;6,693111;6,702178;0,009067;;-0,0078;0,016867;0,024667
728;6,702178;;6,702178;6,719045;0,016867;;0,016867;0;-0,016867
729;6,719045;;6,719045;6,719045;0;;0;0;0
730;6,719045;;6,719045;6,719045;0;;0;0;0
731;6,719045;;6,719045;6,719045;0;;-0,001855;0,001855;0,00371
732;6,719045;;6,719045;6,720900;0,001855;;-0,006712;0,008567;0,015279
733;6,720900;;6,720900;6,729467;0,008567;;0,008567;0;-0,008567
734;6,729467;;6,729467;6,729467;0;;0;0;0
735;6,729467;;6,729467;6,729467;0;;-0,000505;0,000505;0,00101
736;6,729467;;6,729467;6,729972;0,000505;;-0,002763;0,003268;0,006031
737;6,729972;;6,729972;6,733240;0,003268;;0,003268;0;-0,003268
738;6,733240;;6,733240;6,733240;0;;0;0;0
739;6,733240;;6,733240;6,733240;0;;-0,002126;0,002126;0,004252
740;6,733240;;6,733240;6,735366;0,002126;;0,000378;0,001748;0,00137
741;6,735366;;6,735366;6,737114;0,001748;;-0,025248;0,026996;0,052244
742;6,737114;;6,737114;6,764110;0,026996;;0,024078;0,002918;-0,02116
743;6,764110;;6,764110;6,767028;0,002918;;0,002918;0;-0,002918
744;6,767028;;6,767028;6,767028;0;;0;0;0
745;6,767028;;6,767028;6,767028;0;;0;0;0
746;6,767028;;6,767028;6,767028;0;;0;0;0
747;6,767028;;6,767028;6,767028;0;;-0,013343;0,013343;0,026686
748;6,767028;;6,767028;6,780371;0,013343;;-0,027094;0,040437;0,067531
749;6,780371;;6,780371;6,820808;0,040437;;0,040437;0;-0,040437
750;6,820808;;6,820808;6,820808;0;;0;0;0
751;6,820808;;6,820808;6,820808;0;;0;0;0
752;6,820808;;6,820808;6,820808;0;;0;0;0
753;6,820808;;6,820808;6,820808;0;;0;0;0
754;6,820808;;6,820808;6,820808;0;;0;0;0
755;6,820808;;6,820808;6,820808;0;;0;0;0
756;6,820808;;6,820808;6,820808;0;;0;0;0
757;6,820808;;6,820808;6,820808;0;;0;0;0
758;6,820808;;6,820808;6,820808;0;;0;0;0
759;6,820808;;6,820808;6,820808;0;;0;0;0
760;6,820808;;6,820808;6,820808;0;;0;0;0
761;6,820808;;6,820808;6,820808;0;;-0,000634;0,000634;0,001268
762;6,820808;;6,820808;6,821442;0,000634;;-0,0016;0,002234;0,003834
763;6,821442;;6,821442;6,823676;0,002234;;0,002234;0;-0,002234
764;6,823676;;6,823676;6,823676;0;;-0,002132;0,002132;0,004264
765;6,823676;;6,823676;6,825808;0,002132;;0,002132;0;-0,002132
766;6,825808;;6,825808;6,825808;0;;0;0;0
767;6,825808;;6,825808;6,825808;0;;-0,002117;0,002117;0,004234
768;6,825808;;6,825808;6,827925;0,002117;;0,001393;0,000724;-0,000669
769;6,827925;;6,827925;6,828649;0,000724;;0,000409;0,000315;-9,4E-05
770;6,828649;;6,828649;6,828964;0,000315;;-0,003746;0,004061;0,007807
771;6,828964;;6,828964;6,833025;0,004061;;-0,005108;0,009169;0,014277
772;6,833025;;6,833025;6,842194;0,009169;;0,006985;0,002184;-0,004801
773;6,842194;;6,842194;6,844378;0,002184;;0,002065;0,000119;-0,001946
774;6,844378;;6,844378;6,844497;0,000119;;7,4E-05;4,5E-05;-2,9E-05
775;6,844497;;6,844497;6,844542;4,5E-05;;-0,07463;0,074675;0,149305
776;6,844542;;6,844542;6,919217;0,074675;;0,074675;0;-0,074675
777;6,919217;;6,919217;6,919217;0;;0;0;0
778;6,919217;;6,919217;6,919217;0;;-0,011832;0,011832;0,023664
779;6,919217;;6,919217;6,931049;0,011832;;0,00618;0,005652;-0,000528
780;6,931049;;6,931049;6,936701;0,005652;;-0,035211;0,040863;0,076074
781;6,936701;;6,936701;6,977564;0,040863;;-0,676056;0,716919;1,392975
782;6,977564;;6,977564;7,694483;0,716919;;0,649361;0,067558;-0,581803
783;7,694483;;7,694483;7,762041;0,067558;;-0,000209;0,067767;0,067976
784;7,762041;;7,762041;7,829808;0,067767;;0,065202;0,002565;-0,062637
785;7,829808;;7,829808;7,832373;0,002565;;0,000373;0,002192;0,001819
786;7,832373;;7,832373;7,834565;0,002192;;0,002192;0;-0,002192
787;7,834565;;7,834565;7,834565;0;;-0,000372;0,000372;0,000744
788;7,834565;;7,834565;7,834937;0,000372;;-0,041148;0,04152;0,082668
789;7,834937;;7,834937;7,876457;0,04152;;0,01477;0,02675;0,01198
790;7,876457;;7,876457;7,903207;0,02675;;0,006599;0,020151;0,013552
791;7,903207;;7,903207;7,923358;0,020151;;0,020151;0;-0,020151
792;7,923358;;7,923358;7,923358;0;;-0,000539;0,000539;0,001078
793;7,923358;;7,923358;7,923897;0,000539;;-0,078023;0,078562;0,156585
794;7,923897;;7,923897;8,002459;0,078562;;0,067422;0,01114;-0,056282
795;8,002459;;8,002459;8,013599;0,01114;;-0,052739;0,063879;0,116618
796;8,013599;;8,013599;8,077478;0,063879;;0,063879;0;-0,063879
797;8,077478;;8,077478;8,077478;0;;0;0;0
798;8,077478;;8,077478;8,077478;0;;-0,013006;0,013006;0,026012
799;8,077478;;8,077478;8,090484;0,013006;;-0,048593;0,061599;0,110192
800;8,090484;;8,090484;8,152083;0,061599;;-0,311672;0,373271;0,684943
801;8,152083;;8,152083;8,525354;0,373271;;0,32473;0,048541;-0,276189
802;8,525354;;8,525354;8,573895;0,048541;;-0,043922;0,092463;0,136385
803;8,573895;;8,573895;8,666358;0,092463;;0,084592;0,007871;-0,076721
804;8,666358;;8,666358;8,674229;0,007871;;-1,118677;1,126548;2,245225
805;8,674229;;8,674229;9,800777;1,126548;;0,168584;0,957964;0,78938
806;9,800777;;9,800777;10,758741;0,957964;;-0,04323;1,001194;1,044424
807;10,758741;;10,758741;11,759935;1,001194;;0,584158;0,417036;-0,167122
808;11,759935;;11,759935;12,176971;0,417036;;0,416903;0,000133;-0,41677
809;12,176971;;12,176971;12,177104;0,000133;;8,7E-05;4,6E-05;-4,1E-05
810;12,177104;;12,177104;12,177150;4,6E-05;;-0,124889;0,124935;0,249824
811;12,177150;;12,177150;12,302085;0,124935;;0,124935;0;-0,124935
812;12,302085;;12,302085;12,302085;0;;0;0;0
813;12,302085;;12,302085;12,302085;0;;0;0;0
814;12,302085;;12,302085;12,302085;0;;0;0;0
815;12,302085;;12,302085;12,302085;0;;-0,009965;0,009965;0,01993
816;12,302085;;12,302085;12,312050;0,009965;;0,009965;0;-0,009965
817;12,312050;;12,312050;12,312050;0;;0;0;0
818;12,312050;;12,312050;12,312050;0;;0;0;0
819;12,312050;;12,312050;12,312050;0;;-0,000379;0,000379;0,000758
820;12,312050;;12,312050;12,312429;0,000379;;-0,008407;0,008786;0,017193
821;12,312429;;12,312429;12,321215;0,008786;;-0,0072;0,015986;0,023186
822;12,321215;;12,321215;12,337201;0,015986;;0,015986;0;-0,015986
823;12,337201;;12,337201;12,337201;0;;0;0;0
824;12,337201;;12,337201;12,337201;0;;0;0;0
825;12,337201;;12,337201;12,337201;0;;0;0;0
826;12,337201;;12,337201;12,337201;0;;0;0;0
827;12,337201;;12,337201;12,337201;0;;0;0;0
828;12,337201;;12,337201;12,337201;0;;0;0;0
829;12,337201;;12,337201;12,337201;0;;0;0;0
830;12,337201;;12,337201;12,337201;0;;0;0;0
831;12,337201;;12,337201;12,337201;0;;0;0;0
832;12,337201;;12,337201;12,337201;0;;0;0;0
833;12,337201;;12,337201;12,337201;0;;-0,000689;0,000689;0,001378
834;12,337201;;12,337201;12,337890;0,000689;;-0,013476;0,014165;0,027641
835;12,337890;;12,337890;12,352055;0,014165;;-0,00092;0,015085;0,016005
836;12,352055;;12,352055;12,367140;0,015085;;0,015085;0;-0,015085
837;12,367140;;12,367140;12,367140;0;;0;0;0
838;12,367140;;12,367140;12,367140;0;;0;0;0
839;12,367140;;12,367140;12,367140;0;;0;0;0
840;12,367140;;12,367140;12,367140;0;;-0,002624;0,002624;0,005248
841;12,367140;;12,367140;12,369764;0,002624;;0,002624;0;-0,002624
842;12,369764;;12,369764;12,369764;0;;0;0;0
843;12,369764;;12,369764;12,369764;0;;-0,012276;0,012276;0,024552
844;12,369764;;12,369764;12,382040;0,012276;;0,012276;0;-0,012276
845;12,382040;;12,382040;12,382040;0;;0;0;0
846;12,382040;;12,382040;12,382040;0;;0;0;0
847;12,382040;;12,382040;12,382040;0;;0;0;0
848;12,382040;;12,382040;12,382040;0;;-0,000453;0,000453;0,000906
849;12,382040;;12,382040;12,382493;0,000453;;-0,006482;0,006935;0,013417
850;12,382493;;12,382493;12,389428;0,006935;;0,006935;0;-0,006935
851;12,389428;;12,389428;12,389428;0;;0;0;0
852;12,389428;;12,389428;12,389428;0;;0;0;0
853;12,389428;;12,389428;12,389428;0;;-0,000461;0,000461;0,000922
854;12,389428;;12,389428;12,389889;0,000461;;-0,007723;0,008184;0,015907
855;12,389889;;12,389889;12,398073;0,008184;;0,000358;0,007826;0,007468
856;12,398073;;12,398073;12,405899;0,007826;;0,007826;0;-0,007826
857;12,405899;;12,405899;12,405899;0;;0;0;0
858;12,405899;;12,405899;12,405899;0;;0;0;0
859;12,405899;;12,405899;12,405899;0;;-0,007422;0,007422;0,014844
860;12,405899;;12,405899;12,413321;0,007422;;-0,010303;0,017725;0,028028
861;12,413321;;12,413321;12,431046;0,017725;;0,017725;0;-0,017725
862;12,431046;;12,431046;12,431046;0;;0;0;0
863;12,431046;;12,431046;12,431046;0;;-0,009596;0,009596;0,019192
864;12,431046;;12,431046;12,440642;0,009596;;0,00917;0,000426;-0,008744
865;12,440642;;12,440642;12,441068;0,000426;;-0,012682;0,013108;0,02579
866;12,441068;;12,441068;12,454176;0,013108;;0,000179;0,012929;0,01275
867;12,454176;;12,454176;12,467105;0,012929;;0,012929;0;-0,012929
868;12,467105;;12,467105;12,467105;0;;0;0;0
869;12,467105;;12,467105;12,467105;0;;-0,000493;0,000493;0,000986
870;12,467105;;12,467105;12,467598;0,000493;;-0,007846;0,008339;0,016185
871;12,467598;;12,467598;12,475937;0,008339;;-0,004183;0,012522;0,016705
872;12,475937;;12,475937;12,488459;0,012522;;0,012522;0;-0,012522
873;12,488459;;12,488459;12,488459;0;;0;0;0
874;12,488459;;12,488459;12,488459;0;;-0,003993;0,003993;0,007986
875;12,488459;;12,488459;12,492452;0,003993;;0,003993;0;-0,003993
876;12,492452;;12,492452;12,492452;0;;0;0;0
877;12,492452;;12,492452;12,492452;0;;0;0;0
878;12,492452;;12,492452;12,492452;0;;-0,010644;0,010644;0,021288
879;12,492452;;12,492452;12,503096;0,010644;;0,010644;0;-0,010644
880;12,503096;;12,503096;12,503096;0;;0;0;0
881;12,503096;;12,503096;12,503096;0;;0;0;0
882;12,503096;;12,503096;12,503096;0;;0;0;0
883;12,503096;;12,503096;12,503096;0;;-0,000513;0,000513;0,001026
884;12,503096;;12,503096;12,503609;0,000513;;-0,012906;0,013419;0,026325
885;12,503609;;12,503609;12,517028;0,013419;;0,013419;0;-0,013419
886;12,517028;;12,517028;12,517028;0;;0;0;0
887;12,517028;;12,517028;12,517028;0;;0;0;0
888;12,517028;;12,517028;12,517028;0;;-0,000405;0,000405;0,00081
889;12,517028;;12,517028;12,517433;0,000405;;-0,002281;0,002686;0,004967
890;12,517433;;12,517433;12,520119;0,002686;;0,002686;0;-0,002686
891;12,520119;;12,520119;12,520119;0;;-0,002852;0,002852;0,005704
892;12,520119;;12,520119;12,522971;0,002852;;0,002852;0;-0,002852
893;12,522971;;12,522971;12,522971;0;;-0,015868;0,015868;0,031736
894;12,522971;;12,522971;12,538839;0,015868;;-0,014224;0,030092;0,044316
895;12,538839;;12,538839;12,568931;0,030092;;0,019658;0,010434;-0,009224
896;12,568931;;12,568931;12,579365;0,010434;;0,010434;0;-0,010434
897;12,579365;;12,579365;12,579365;0;;0;0;0
898;12,579365;;12,579365;12,579365;0;;-0,000472;0,000472;0,000944
899;12,579365;;12,579365;12,579837;0,000472;;-0,003641;0,004113;0,007754
900;12,579837;;12,579837;12,583950;0,004113;;0,004113;0;-0,004113
901;12,583950;;12,583950;12,583950;0;;0;0;0
902;12,583950;;12,583950;12,583950;0;;-0,001139;0,001139;0,002278
903;12,583950;;12,583950;12,585089;0,001139;;-0,014125;0,015264;0,029389
904;12,585089;;12,585089;12,600353;0,015264;;0,015264;0;-0,015264
905;12,600353;;12,600353;12,600353;0;;0;0;0
906;12,600353;;12,600353;12,600353;0;;0;0;0
907;12,600353;;12,600353;12,600353;0;;0;0;0
908;12,600353;;12,600353;12,600353;0;;0;0;0
909;12,600353;;12,600353;12,600353;0;;0;0;0
910;12,600353;;12,600353;12,600353;0;;-0,016026;0,016026;0,032052
911;12,600353;;12,600353;12,616379;0,016026;;-0,001032;0,017058;0,01809
912;12,616379;;12,616379;12,633437;0,017058;;0,003317;0,013741;0,010424
913;12,633437;;12,633437;12,647178;0,013741;;0,012295;0,001446;-0,010849
914;12,647178;;12,647178;12,648624;0,001446;;0,001446;0;-0,001446
915;12,648624;;12,648624;12,648624;0;;0;0;0
916;12,648624;;12,648624;12,648624;0;;0;0;0
917;12,648624;;12,648624;12,648624;0;;0;0;0
918;12,648624;;12,648624;12,648624;0;;0;0;0
919;12,648624;;12,648624;12,648624;0;;-0,000365;0,000365;0,00073
920;12,648624;;12,648624;12,648989;0,000365;;0,000256;0,000109;-0,000147
921;12,648989;;12,648989;12,649098;0,000109;;5,5E-05;5,4E-05;-1E-06
922;12,649098;;12,649098;12,649152;5,4E-05;;-2E-06;5,6E-05;5,8E-05
923;12,649152;;12,649152;12,649208;5,6E-05;;-2E-06;5,8E-05;6E-05
924;12,649208;;12,649208;12,649266;5,8E-05;;-0,001683;0,001741;0,003424
925;12,649266;;12,649266;12,651007;0,001741;;0,001741;0;-0,001741
926;12,651007;;12,651007;12,651007;0;;0;0;0
927;12,651007;;12,651007;12,651007;0;;-0,002543;0,002543;0,005086
928;12,651007;;12,651007;12,653550;0,002543;;0,002543;0;-0,002543
929;12,653550;;12,653550;12,653550;0;;0;0;0
930;12,653550;;12,653550;12,653550;0;;0;0;0
931;12,653550;;12,653550;12,653550;0;;0;0;0
932;12,653550;;12,653550;12,653550;0;;0;0;0
933;12,653550;;12,653550;12,653550;0;;-0,000599;0,000599;0,001198
934;12,653550;;12,653550;12,654149;0,000599;;-0,00678;0,007379;0,014159
935;12,654149;;12,654149;12,661528;0,007379;;0,007379;0;-0,007379
936;12,661528;;12,661528;12,661528;0;;-0,002255;0,002255;0,00451
937;12,661528;;12,661528;12,663783;0,002255;;0,002255;0;-0,002255
938;12,663783;;12,663783;12,663783;0;;0;0;0
939;12,663783;;12,663783;12,663783;0;;0;0;0
940;12,663783;;12,663783;12,663783;0;;-0,012487;0,012487;0,024974
941;12,663783;;12,663783;12,676270;0,012487;;0,012487;0;-0,012487
942;12,676270;;12,676270;12,676270;0;;0;0;0
943;12,676270;;12,676270;12,676270;0;;0;0;0
944;12,676270;;12,676270;12,676270;0;;-0,000471;0,000471;0,000942
945;12,676270;;12,676270;12,676741;0,000471;;-0,004996;0,005467;0,010463
946;12,676741;;12,676741;12,682208;0,005467;;0,005467;0;-0,005467
947;12,682208;;12,682208;12,682208;0;;-0,003026;0,003026;0,006052
948;12,682208;;12,682208;12,685234;0,003026;;0,003026;0;-0,003026
949;12,685234;;12,685234;12,685234;0;;0;0;0
950;12,685234;;12,685234;12,685234;0;;0;0;0
951;12,685234;;12,685234;12,685234;0;;0;0;0
952;12,685234;;12,685234;12,685234;0;;0;0;0
953;12,685234;;12,685234;12,685234;0;;-0,000452;0,000452;0,000904
954;12,685234;;12,685234;12,685686;0,000452;;-0,00755;0,008002;0,015552
955;12,685686;;12,685686;12,693688;0,008002;;-0,016066;0,024068;0,040134
956;12,693688;;12,693688;12,717756;0,024068;;0,024068;0;-0,024068
957;12,717756;;12,717756;12,717756;0;;-0,003945;0,003945;0,00789
958;12,717756;;12,717756;12,721701;0,003945;;0,003945;0;-0,003945
959;12,721701;;12,721701;12,721701;0;;0;0;0
960;12,721701;;12,721701;12,721701;0;;-0,005946;0,005946;0,011892
961;12,721701;;12,721701;12,727647;0,005946;;0,005487;0,000459;-0,005028
962;12,727647;;12,727647;12,728106;0,000459;;-0,007552;0,008011;0,015563
963;12,728106;;12,728106;12,736117;0,008011;;0,006979;0,001032;-0,005947
964;12,736117;;12,736117;12,737149;0,001032;;0,001032;0;-0,001032
965;12,737149;;12,737149;12,737149;0;;-0,010269;0,010269;0,020538
966;12,737149;;12,737149;12,747418;0,010269;;0,010269;0;-0,010269
967;12,747418;;12,747418;12,747418;0;;0;0;0
968;12,747418;;12,747418;12,747418;0;;-0,000454;0,000454;0,000908
969;12,747418;;12,747418;12,747872;0,000454;;-0,005053;0,005507;0,01056
970;12,747872;;12,747872;12,753379;0,005507;;0,005507;0;-0,005507
971;12,753379;;12,753379;12,753379;0;;0;0;0
972;12,753379;;12,753379;12,753379;0;;0;0;0
973;12,753379;;12,753379;12,753379;0;;-0,001764;0,001764;0,003528
974;12,753379;;12,753379;12,755143;0,001764;;-0,004602;0,006366;0,010968
975;12,755143;;12,755143;12,761509;0,006366;;0,006366;0;-0,006366
976;12,761509;;12,761509;12,761509;0;;0;0;0
977;12,761509;;12,761509;12,761509;0;;0;0;0
978;12,761509;;12,761509;12,761509;0;;-0,008666;0,008666;0,017332
979;12,761509;;12,761509;12,770175;0,008666;;-0,00546;0,014126;0,019586
980;12,770175;;12,770175;12,784301;0,014126;;0,014126;0;-0,014126
981;12,784301;;12,784301;12,784301;0;;0;0;0
982;12,784301;;12,784301;12,784301;0;;0;0;0
983;12,784301;;12,784301;12,784301;0;;-0,007944;0,007944;0,015888
984;12,784301;;12,784301;12,792245;0,007944;;0,007944;0;-0,007944
985;12,792245;;12,792245;12,792245;0;;0;0;0
986;12,792245;;12,792245;12,792245;0;;0;0;0
987;12,792245;;12,792245;12,792245;0;;-0,000472;0,000472;0,000944
988;12,792245;;12,792245;12,792717;0,000472;;-0,003863;0,004335;0,008198
989;12,792717;;12,792717;12,797052;0,004335;;0,004335;0;-0,004335
990;12,797052;;12,797052;12,797052;0;;0;0;0
991;12,797052;;12,797052;12,797052;0;;-0,003867;0,003867;0,007734
992;12,797052;;12,797052;12,800919;0,003867;;-0,002295;0,006162;0,008457
993;12,800919;;12,800919;12,807081;0,006162;;-0,002588;0,00875;0,011338
994;12,807081;;12,807081;12,815831;0,00875;;0,008619;0,000131;-0,008488
995;12,815831;;12,815831;12,815962;0,000131;;-0,001455;0,001586;0,003041
996;12,815962;;12,815962;12,817548;0,001586;;0,001586;0;-0,001586
997;12,817548;;12,817548;12,817548;0;;0;0;0
998;12,817548;;12,817548;12,817548;0;;-0,007457;0,007457;0,014914
999;12,817548;;12,817548;12,825005;0,007457;;0,007457;0;-0,007457
1000;12,825005;;12,825005;12,825005;0;;-0,000362;0,000362;0,000724
1001;12,825005;;12,825005;12,825367;0,000362;;-0,004526;0,004888;0,009414
1002;12,825367;;12,825367;12,830255;0,004888;;0,004888;0;-0,004888
1003;12,830255;;12,830255;12,830255;0;;0;0;0
1004;12,830255;;12,830255;12,830255;0;;0;0;0
1005;12,830255;;12,830255;12,830255;0;;0;0;0
1006;12,830255;;12,830255;12,830255;0;;0;0;0
1007;12,830255;;12,830255;12,830255;0;;-0,003581;0,003581;0,007162
1008;12,830255;;12,830255;12,833836;0,003581;;0,003226;0,000355;-0,002871
1009;12,833836;;12,833836;12,834191;0,000355;;-0,016388;0,016743;0,033131
1010;12,834191;;12,834191;12,850934;0,016743;;0,016743;0;-0,016743
1011;12,850934;;12,850934;12,850934;0;;0;0;0
1012;12,850934;;12,850934;12,850934;0;;0;0;0
1013;12,850934;;12,850934;12,850934;0;;-0,011891;0,011891;0,023782
1014;12,850934;;12,850934;12,862825;0,011891;;0,003099;0,008792;0,005693
1015;12,862825;;12,862825;12,871617;0,008792;;0,008792;0;-0,008792
1016;12,871617;;12,871617;12,871617;0;;0;0;0
1017;12,871617;;12,871617;12,871617;0;;0;0;0
1018;12,871617;;12,871617;12,871617;0;;-0,002265;0,002265;0,00453
1019;12,871617;;12,871617;12,873882;0,002265;;0,002265;0;-0,002265
1020;12,873882;;12,873882;12,873882;0;;0;0;0
1021;12,873882;;12,873882;12,873882;0;;-0,007169;0,007169;0,014338
1022;12,873882;;12,873882;12,881051;0,007169;;0,006862;0,000307;-0,006555
1023;12,881051;;12,881051;12,881358;0,000307;;-0,019921;0,020228;0,040149
1024;12,881358;;12,881358;12,901586;0,020228;;0,020228;0;-0,020228
1025;12,901586;;12,901586;12,901586;0;;0;0;0
1026;12,901586;;12,901586;12,901586;0;;0;0;0
1027;12,901586;;12,901586;12,901586;0;;-0,007439;0,007439;0,014878
1028;12,901586;;12,901586;12,909025;0,007439;;0,002957;0,004482;0,001525
1029;12,909025;;12,909025;12,913507;0,004482;;0,004482;0;-0,004482
1030;12,913507;;12,913507;12,913507;0;;0;0;0
1031;12,913507;;12,913507;12,913507;0;;0;0;0
1032;12,913507;;12,913507;12,913507;0;;-0,011286;0,011286;0,022572
1033;12,913507;;12,913507;12,924793;0,011286;;-0,052459;0,063745;0,116204
1034;12,924793;;12,924793;12,988538;0,063745;;0,063745;0;-0,063745
1035;12,988538;;12,988538;12,988538;0;;0;0;0
1036;12,988538;;12,988538;12,988538;0;;0;0;0
1037;12,988538;;12,988538;12,988538;0;;0;0;0
1038;12,988538;;12,988538;12,988538;0;;0;0;0
1039;12,988538;;12,988538;12,988538;0;;0;0;0
1040;12,988538;;12,988538;12,988538;0;;0;0;0
1041;12,988538;;12,988538;12,988538;0;;0;0;0
1042;12,988538;;12,988538;12,988538;0;;0;0;0
1043;12,988538;;12,988538;12,988538;0;;0;0;0
1044;12,988538;;12,988538;12,988538;0;;0;0;0
1045;12,988538;;12,988538;12,988538;0;;0;0;0
1046;12,988538;;12,988538;12,988538;0;;-0,00065;0,00065;0,0013
1047;12,988538;;12,988538;12,989188;0,00065;;-0,003895;0,004545;0,00844
1048;12,989188;;12,989188;12,993733;0,004545;;0,004545;0;-0,004545
1049;12,993733;;12,993733;12,993733;0;;0;0;0
1050;12,993733;;12,993733;12,993733;0;;0;0;0
1051;12,993733;;12,993733;12,993733;0;;0;0;0
1052;12,993733;;12,993733;12,993733;0;;0;0;0
1053;12,993733;;12,993733;12,993733;0;;0;0;0
1054;12,993733;;12,993733;12,993733;0;;-0,00055;0,00055;0,0011
1055;12,993733;;12,993733;12,994283;0,00055;;-0,036479;0,037029;0,073508
1056;12,994283;;12,994283;13,031312;0,037029;;0,037029;0;-0,037029
1057;13,031312;;13,031312;13,031312;0;;0;0;0
1058;13,031312;;13,031312;13,031312;0;;0;0;0
1059;13,031312;;13,031312;13,031312;0;;0;0;0
1060;13,031312;;13,031312;13,031312;0;;0;0;0
1061;13,031312;;13,031312;13,031312;0;;0;0;0
1062;13,031312;;13,031312;13,031312;0;;0;0;0
1063;13,031312;;13,031312;13,031312;0;;0;0;0
1064;13,031312;;13,031312;13,031312;0;;0;0;0
1065;13,031312;;13,031312;13,031312;0;;0;0;0
1066;13,031312;;13,031312;13,031312;0;;0;0;0
1067;13,031312;;13,031312;13,031312;0;;0;0;0
1068;13,031312;;13,031312;13,031312;0;;0;0;0
1069;13,031312;;13,031312;13,031312;0;;0;0;0
1070;13,031312;;13,031312;13,031312;0;;-0,000612;0,000612;0,001224
1071;13,031312;;13,031312;13,031924;0,000612;;-0,000614;0,001226;0,00184
1072;13,031924;;13,031924;13,033150;0,001226;;0,001226;0;-0,001226
1073;13,033150;;13,033150;13,033150;0;;0;0;0
1074;13,033150;;13,033150;13,033150;0;;0;0;0
1075;13,033150;;13,033150;13,033150;0;;-0,002748;0,002748;0,005496
1076;13,033150;;13,033150;13,035898;0,002748;;0,002748;0;-0,002748
1077;13,035898;;13,035898;13,035898;0;;0;0;0
1078;13,035898;;13,035898;13,035898;0;;0;0;0
1079;13,035898;;13,035898;13,035898;0;;0;0;0
1080;13,035898;;13,035898;13,035898;0;;-0,000426;0,000426;0,000852
1081;13,035898;;13,035898;13,036324;0,000426;;-0,006441;0,006867;0,013308
1082;13,036324;;13,036324;13,043191;0,006867;;0,006343;0,000524;-0,005819
1083;13,043191;;13,043191;13,043715;0,000524;;-0,064234;0,064758;0,128992
1084;13,043715;;13,043715;13,108473;0,064758;;-0,043854;0,108612;0,152466
1085;13,108473;;13,108473;13,217085;0,108612;;0,108612;0;-0,108612
1086;13,217085;;13,217085;13,217085;0;;0;0;0
1087;13,217085;;13,217085;13,217085;0;;-0,000517;0,000517;0,001034
1088;13,217085;;13,217085;13,217602;0,000517;;-0,049467;0,049984;0,099451
1089;13,217602;;13,217602;13,267586;0,049984;;0,049984;0;-0,049984
1090;13,267586;;13,267586;13,267586;0;;-0,00114;0,00114;0,00228
1091;13,267586;;13,267586;13,268726;0,00114;;-0,000361;0,001501;0,001862
1092;13,268726;;13,268726;13,270227;0,001501;;-0,002983;0,004484;0,007467
1093;13,270227;;13,270227;13,274711;0,004484;;-0,006629;0,011113;0,017742
1094;13,274711;;13,274711;13,285824;0,011113;;0,011113;0;-0,011113
1095;13,285824;;13,285824;13,285824;0;;-0,000425;0,000425;0,00085
1096;13,285824;;13,285824;13,286249;0,000425;;-0,008632;0,009057;0,017689
1097;13,286249;;13,286249;13,295306;0,009057;;-0,017671;0,026728;0,044399
1098;13,295306;;13,295306;13,322034;0,026728;;0,026728;0;-0,026728
1099;13,322034;;13,322034;13,322034;0;;0;0;0
1100;13,322034;;13,322034;13,322034;0;;0;0;0
1101;13,322034;;13,322034;13,322034;0;;-0,003259;0,003259;0,006518
1102;13,322034;;13,322034;13,325293;0,003259;;0,003259;0;-0,003259
1103;13,325293;;13,325293;13,325293;0;;0;0;0
1104;13,325293;;13,325293;13,325293;0;;0;0;0
1105;13,325293;;13,325293;13,325293;0;;-0,012036;0,012036;0,024072
1106;13,325293;;13,325293;13,337329;0,012036;;0,012036;0;-0,012036
1107;13,337329;;13,337329;13,337329;0;;0;0;0
1108;13,337329;;13,337329;13,337329;0;;0;0;0
1109;13,337329;;13,337329;13,337329;0;;-0,000417;0,000417;0,000834
1110;13,337329;;13,337329;13,337746;0,000417;;-0,006504;0,006921;0,013425
1111;13,337746;;13,337746;13,344667;0,006921;;0,006921;0;-0,006921
1112;13,344667;;13,344667;13,344667;0;;0;0;0
1113;13,344667;;13,344667;13,344667;0;;0;0;0
1114;13,344667;;13,344667;13,344667;0;;-0,000395;0,000395;0,00079
1115;13,344667;;13,344667;13,345062;0,000395;;-0,011936;0,012331;0,024267
1116;13,345062;;13,345062;13,357393;0,012331;;-0,000644;0,012975;0,013619
1117;13,357393;;13,357393;13,370368;0,012975;;0,012975;0;-0,012975
1118;13,370368;;13,370368;13,370368;0;;0;0;0
1119;13,370368;;13,370368;13,370368;0;;0;0;0
1120;13,370368;;13,370368;13,370368;0;;0;0;0
1121;13,370368;;13,370368;13,370368;0;;0;0;0
1122;13,370368;;13,370368;13,370368;0;;0;0;0
1123;13,370368;;13,370368;13,370368;0;;0;0;0
1124;13,370368;;13,370368;13,370368;0;;-0,003812;0,003812;0,007624
1125;13,370368;;13,370368;13,374180;0,003812;;0,003812;0;-0,003812
1126;13,374180;;13,374180;13,374180;0;;-0,00053;0,00053;0,00106
1127;13,374180;;13,374180;13,374710;0,00053;;-0,008276;0,008806;0,017082
1128;13,374710;;13,374710;13,383516;0,008806;;0,008806;0;-0,008806
1129;13,383516;;13,383516;13,383516;0;;-0,003467;0,003467;0,006934
1130;13,383516;;13,383516;13,386983;0,003467;;0,003467;0;-0,003467
1131;13,386983;;13,386983;13,386983;0;;0;0;0
1132;13,386983;;13,386983;13,386983;0;;-0,000937;0,000937;0,001874
1133;13,386983;;13,386983;13,387920;0,000937;;-0,00998;0,010917;0,020897
1134;13,387920;;13,387920;13,398837;0,010917;;0,010917;0;-0,010917
1135;13,398837;;13,398837;13,398837;0;;0;0;0
1136;13,398837;;13,398837;13,398837;0;;0;0;0
1137;13,398837;;13,398837;13,398837;0;;-0,000536;0,000536;0,001072
1138;13,398837;;13,398837;13,399373;0,000536;;-0,02038;0,020916;0,041296
1139;13,399373;;13,399373;13,420289;0,020916;;0,020749;0,000167;-0,020582
1140;13,420289;;13,420289;13,420456;0,000167;;-0,002922;0,003089;0,006011
1141;13,420456;;13,420456;13,423545;0,003089;;0,003089;0;-0,003089
1142;13,423545;;13,423545;13,423545;0;;0;0;0
1143;13,423545;;13,423545;13,423545;0;;0;0;0
1144;13,423545;;13,423545;13,423545;0;;0;0;0
1145;13,423545;;13,423545;13,423545;0;;0;0;0
1146;13,423545;;13,423545;13,423545;0;;0;0;0
1147;13,423545;;13,423545;13,423545;0;;0;0;0
1148;13,423545;;13,423545;13,423545;0;;-0,00446;0,00446;0,00892
1149;13,423545;;13,423545;13,428005;0,00446;;0,00446;0;-0,00446
1150;13,428005;;13,428005;13,428005;0;;0;0;0
1151;13,428005;;13,428005;13,428005;0;;0;0;0
1152;13,428005;;13,428005;13,428005;0;;-0,00058;0,00058;0,00116
1153;13,428005;;13,428005;13,428585;0,00058;;-0,00688;0,00746;0,01434
1154;13,428585;;13,428585;13,436045;0,00746;;-0,030059;0,037519;0,067578
1155;13,436045;;13,436045;13,473564;0,037519;;0,037519;0;-0,037519
1156;13,473564;;13,473564;13,473564;0;;0;0;0
1157;13,473564;;13,473564;13,473564;0;;0;0;0
1158;13,473564;;13,473564;13,473564;0;;0;0;0
1159;13,473564;;13,473564;13,473564;0;;0;0;0
1160;13,473564;;13,473564;13,473564;0;;0;0;0
1161;13,473564;;13,473564;13,473564;0;;0;0;0
1162;13,473564;;13,473564;13,473564;0;;0;0;0
1163;13,473564;;13,473564;13,473564;0;;0;0;0
1164;13,473564;;13,473564;13,473564;0;;0;0;0
1165;13,473564;;13,473564;13,473564;0;;0;0;0
1166;13,473564;;13,473564;13,473564;0;;0;0;0
1167;13,473564;;13,473564;13,473564;0;;0;0;0
1168;13,473564;;13,473564;13,473564;0;;0;0;0
1169;13,473564;;13,473564;13,473564;0;;-0,000692;0,000692;0,001384
1170;13,473564;;13,473564;13,474256;0,000692;;-0,004975;0,005667;0,010642
1171;13,474256;;13,474256;13,479923;0,005667;;0,005667;0;-0,005667
1172;13,479923;;13,479923;13,479923;0;;0;0;0
1173;13,479923;;13,479923;13,479923;0;;0;0;0
1174;13,479923;;13,479923;13,479923;0;;0;0;0
1175;13,479923;;13,479923;13,479923;0;;-0,000473;0,000473;0,000946
1176;13,479923;;13,479923;13,480396;0,000473;;-0,012687;0,01316;0,025847
1177;13,480396;;13,480396;13,493556;0,01316;;0,01316;0;-0,01316
1178;13,493556;;13,493556;13,493556;0;;0;0;0
1179;13,493556;;13,493556;13,493556;0;;0;0;0
1180;13,493556;;13,493556;13,493556;0;;0;0;0
1181;13,493556;;13,493556;13,493556;0;;0;0;0
1182;13,493556;;13,493556;13,493556;0;;-0,002058;0,002058;0,004116
1183;13,493556;;13,493556;13,495614;0,002058;;0,002058;0;-0,002058
1184;13,495614;;13,495614;13,495614;0;;-0,00449;0,00449;0,00898
1185;13,495614;;13,495614;13,500104;0,00449;;0,00449;0;-0,00449
1186;13,500104;;13,500104;13,500104;0;;0;0;0
1187;13,500104;;13,500104;13,500104;0;;0;0;0
1188;13,500104;;13,500104;13,500104;0;;-0,000393;0,000393;0,000786
1189;13,500104;;13,500104;13,500497;0,000393;;-0,012599;0,012992;0,025591
1190;13,500497;;13,500497;13,513489;0,012992;;0,001533;0,011459;0,009926
1191;13,513489;;13,513489;13,524948;0,011459;;0,011459;0;-0,011459
1192;13,524948;;13,524948;13,524948;0;;0;0;0
1193;13,524948;;13,524948;13,524948;0;;0;0;0
1194;13,524948;;13,524948;13,524948;0;;0;0;0
1195;13,524948;;13,524948;13,524948;0;;0;0;0
1196;13,524948;;13,524948;13,524948;0;;0;0;0
1197;13,524948;;13,524948;13,524948;0;;0;0;0
1198;13,524948;;13,524948;13,524948;0;;-0,01211;0,01211;0,02422
1199;13,524948;;13,524948;13,537058;0,01211;;0,01211;0;-0,01211
1200;13,537058;;13,537058;13,537058;0;;0;0;0
1201;13,537058;;13,537058;13,537058;0;;-0,000413;0,000413;0,000826
1202;13,537058;;13,537058;13,537471;0,000413;;-0,002715;0,003128;0,005843
1203;13,537471;;13,537471;13,540599;0,003128;;-0,011951;0,015079;0,02703
1204;13,540599;;13,540599;13,555678;0,015079;;0,015079;0;-0,015079
1205;13,555678;;13,555678;13,555678;0;;0;0;0
1206;13,555678;;13,555678;13,555678;0;;0;0;0
1207;13,555678;;13,555678;13,555678;0;;-0,000441;0,000441;0,000882
1208;13,555678;;13,555678;13,556119;0,000441;;-0,018891;0,019332;0,038223
1209;13,556119;;13,556119;13,575451;0,019332;;0,019332;0;-0,019332
1210;13,575451;;13,575451;13,575451;0;;0;0;0
1211;13,575451;;13,575451;13,575451;0;;0;0;0
1212;13,575451;;13,575451;13,575451;0;;-0,000568;0,000568;0,001136
1213;13,575451;;13,575451;13,576019;0,000568;;-0,00911;0,009678;0,018788
1214;13,576019;;13,576019;13,585697;0,009678;;0,009678;0;-0,009678
1215;13,585697;;13,585697;13,585697;0;;0;0;0
1216;13,585697;;13,585697;13,585697;0;;0;0;0
1217;13,585697;;13,585697;13,585697;0;;-0,000516;0,000516;0,001032
1218;13,585697;;13,585697;13,586213;0,000516;;-0,019795;0,020311;0,040106
1219;13,586213;;13,586213;13,606524;0,020311;;-0,011061;0,031372;0,042433
1220;13,606524;;13,606524;13,637896;0,031372;;0,031;0,000372;-0,030628
1221;13,637896;;13,637896;13,638268;0,000372;;-0,007361;0,007733;0,015094
1222;13,638268;;13,638268;13,646001;0,007733;;0,007733;0;-0,007733
1223;13,646001;;13,646001;13,646001;0;;-0,000438;0,000438;0,000876
1224;13,646001;;13,646001;13,646439;0,000438;;0,000309;0,000129;-0,00018
1225;13,646439;;13,646439;13,646568;0,000129;;-0,002415;0,002544;0,004959
1226;13,646568;;13,646568;13,649112;0,002544;;0,002544;0;-0,002544
1227;13,649112;;13,649112;13,649112;0;;0;0;0
1228;13,649112;;13,649112;13,649112;0;;0;0;0
1229;13,649112;;13,649112;13,649112;0;;0;0;0
1230;13,649112;;13,649112;13,649112;0;;0;0;0
1231;13,649112;;13,649112;13,649112;0;;0;0;0
1232;13,649112;;13,649112;13,649112;0;;0;0;0
1233;13,649112;;13,649112;13,649112;0;;0;0;0
1234;13,649112;;13,649112;13,649112;0;;0;0;0
1235;13,649112;;13,649112;13,649112;0;;0;0;0
1236;13,649112;;13,649112;13,649112;0;;0;0;0
1237;13,649112;;13,649112;13,649112;0;;-0,000406;0,000406;0,000812
1238;13,649112;;13,649112;13,649518;0,000406;;0,000191;0,000215;2,4E-05
1239;13,649518;;13,649518;13,649733;0,000215;;-0,00356;0,003775;0,007335
1240;13,649733;;13,649733;13,653508;0,003775;;0,003775;0;-0,003775
1241;13,653508;;13,653508;13,653508;0;;0;0;0
1242;13,653508;;13,653508;13,653508;0;;0;0;0
1243;13,653508;;13,653508;13,653508;0;;0;0;0
1244;13,653508;;13,653508;13,653508;0;;0;0;0
1245;13,653508;;13,653508;13,653508;0;;0;0;0
1246;13,653508;;13,653508;13,653508;0;;0;0;0
1247;13,653508;;13,653508;13,653508;0;;-0,000858;0,000858;0,001716
1248;13,653508;;13,653508;13,654366;0,000858;;0,000858;0;-0,000858
1249;13,654366;;13,654366;13,654366;0;;0;0;0
1250;13,654366;;13,654366;13,654366;0;;-0,000441;0,000441;0,000882
1251;13,654366;;13,654366;13,654807;0,000441;;-0,00216;0,002601;0,004761
1252;13,654807;;13,654807;13,657408;0,002601;;0,002601;0;-0,002601
1253;13,657408;;13,657408;13,657408;0;;0;0;0
1254;13,657408;;13,657408;13,657408;0;;-0,002246;0,002246;0,004492
1255;13,657408;;13,657408;13,659654;0,002246;;0,002246;0;-0,002246
1256;13,659654;;13,659654;13,659654;0;;0;0;0
1257;13,659654;;13,659654;13,659654;0;;-0,007529;0,007529;0,015058
1258;13,659654;;13,659654;13,667183;0,007529;;-0,00263;0,010159;0,012789
1259;13,667183;;13,667183;13,677342;0,010159;;0,010159;0;-0,010159
1260;13,677342;;13,677342;13,677342;0;;-0,000636;0,000636;0,001272
1261;13,677342;;13,677342;13,677978;0,000636;;-0,010506;0,011142;0,021648
1262;13,677978;;13,677978;13,689120;0,011142;;0,011142;0;-0,011142
1263;13,689120;;13,689120;13,689120;0;;0;0;0
1264;13,689120;;13,689120;13,689120;0;;0;0;0
1265;13,689120;;13,689120;13,689120;0;;-0,003352;0,003352;0,006704
1266;13,689120;;13,689120;13,692472;0,003352;;0,001098;0,002254;0,001156
1267;13,692472;;13,692472;13,694726;0,002254;;-0,00179;0,004044;0,005834
1268;13,694726;;13,694726;13,698770;0,004044;;-0,004383;0,008427;0,01281
1269;13,698770;;13,698770;13,707197;0,008427;;0,005247;0,00318;-0,002067
1270;13,707197;;13,707197;13,710377;0,00318;;0,00318;0;-0,00318
1271;13,710377;;13,710377;13,710377;0;;0;0;0
1272;13,710377;;13,710377;13,710377;0;;0;0;0
1273;13,710377;;13,710377;13,710377;0;;0;0;0
1274;13,710377;;13,710377;13,710377;0;;0;0;0
1275;13,710377;;13,710377;13,710377;0;;0;0;0
1276;13,710377;;13,710377;13,710377;0;;-0,004639;0,004639;0,009278
1277;13,710377;;13,710377;13,715016;0,004639;;-0,010876;0,015515;0,026391
1278;13,715016;;13,715016;13,730531;0,015515;;0,015515;0;-0,015515
1279;13,730531;;13,730531;13,730531;0;;0;0;0
1280;13,730531;;13,730531;13,730531;0;;0;0;0
1281;13,730531;;13,730531;13,730531;0;;0;0;0
1282;13,730531;;13,730531;13,730531;0;;0;0;0
1283;13,730531;;13,730531;13,730531;0;;0;0;0
1284;13,730531;;13,730531;13,730531;0;;0;0;0
1285;13,730531;;13,730531;13,730531;0;;-0,015105;0,015105;0,03021
1286;13,730531;;13,730531;13,745636;0,015105;;0,015105;0;-0,015105
1287;13,745636;;13,745636;13,745636;0;;0;0;0
1288;13,745636;;13,745636;13,745636;0;;-0,00025;0,00025;0,0005
1289;13,745636;;13,745636;13,745886;0,00025;;-0,002271;0,002521;0,004792
1290;13,745886;;13,745886;13,748407;0,002521;;-0,010406;0,012927;0,023333
1291;13,748407;;13,748407;13,761334;0,012927;;0,012599;0,000328;-0,012271
1292;13,761334;;13,761334;13,761662;0,000328;;-0,011547;0,011875;0,023422
1293;13,761662;;13,761662;13,773537;0,011875;;0,011875;0;-0,011875
1294;13,773537;;13,773537;13,773537;0;;0;0;0
1295;13,773537;;13,773537;13,773537;0;;0;0;0
1296;13,773537;;13,773537;13,773537;0;;0;0;0
1297;13,773537;;13,773537;13,773537;0;;0;0;0
1298;13,773537;;13,773537;13,773537;0;;-0,007968;0,007968;0,015936
1299;13,773537;;13,773537;13,781505;0,007968;;0,006085;0,001883;-0,004202
1300;13,781505;;13,781505;13,783388;0,001883;;0,001772;0,000111;-0,001661
1301;13,783388;;13,783388;13,783499;0,000111;;4,6E-05;6,5E-05;1,9E-05
1302;13,783499;;13,783499;13,783564;6,5E-05;;-0,061566;0,061631;0,123197
1303;13,783564;;13,783564;13,845195;0,061631;;0,057206;0,004425;-0,052781
1304;13,845195;;13,845195;13,849620;0,004425;;0,004425;0;-0,004425
1305;13,849620;;13,849620;13,849620;0;;-0,004123;0,004123;0,008246
1306;13,849620;;13,849620;13,853743;0,004123;;-0,029423;0,033546;0,062969
1307;13,853743;;13,853743;13,887289;0,033546;;-0,832141;0,865687;1,697828
1308;13,887289;;13,887289;14,752976;0,865687;;-0,145015;1,010702;1,155717
1309;14,752976;;14,752976;15,763678;1,010702;;0,017763;0,992939;0,975176
1310;15,763678;;15,763678;16,756617;0,992939;;0,13852;0,854419;0,715899
1311;16,756617;;16,756617;17,611036;0,854419;;0,833036;0,021383;-0,811653
1312;17,611036;;17,611036;17,632419;0,021383;;0,021092;0,000291;-0,020801
1313;17,632419;;17,632419;17,632710;0,000291;;0,00022;7,1E-05;-0,000149
1314;17,632710;;17,632710;17,632781;7,1E-05;;-0,045829;0,0459;0,091729
1315;17,632781;;17,632781;17,678681;0,0459;;0,0459;0;-0,0459
1316;17,678681;;17,678681;17,678681;0;;-5,9E-05;5,9E-05;0,000118
1317;17,678681;;17,678681;17,678740;5,9E-05;;-3E-05;8,9E-05;0,000119
1318;17,678740;;17,678740;17,678829;8,9E-05;;-0,005398;0,005487;0,010885
1319;17,678829;;17,678829;17,684316;0,005487;;0,005487;0;-0,005487
1320;17,684316;;17,684316;17,684316;0;;0;0;0
1321;17,684316;;17,684316;17,684316;0;;0;0;0
1322;17,684316;;17,684316;17,684316;0;;-0,019474;0,019474;0,038948
1323;17,684316;;17,684316;17,703790;0,019474;;0,005615;0,013859;0,008244
1324;17,703790;;17,703790;17,717649;0,013859;;0,013859;0;-0,013859
1325;17,717649;;17,717649;17,717649;0;;0;0;0
1326;17,717649;;17,717649;17,717649;0;;0;0;0
1327;17,717649;;17,717649;17,717649;0;;0;0;0
1328;17,717649;;17,717649;17,717649;0;;0;0;0
1329;17,717649;;17,717649;17,717649;0;;0;0;0
1330;17,717649;;17,717649;17,717649;0;;0;0;0
1331;17,717649;;17,717649;17,717649;0;;0;0;0
1332;17,717649;;17,717649;17,717649;0;;0;0;0
1333;17,717649;;17,717649;17,717649;0;;0;0;0
1334;17,717649;;17,717649;17,717649;0;;0;0;0
1335;17,717649;;17,717649;17,717649;0;;0;0;0
1336;17,717649;;17,717649;17,717649;0;;0;0;0
1337;17,717649;;17,717649;17,717649;0;;0;0;0
1338;17,717649;;17,717649;17,717649;0;;-0,001029;0,001029;0,002058
1339;17,717649;;17,717649;17,718678;0,001029;;0,000589;0,00044;-0,000149
1340;17,718678;;17,718678;17,719118;0,00044;;0,00044;0;-0,00044
1341;17,719118;;17,719118;17,719118;0;;0;0;0
1342;17,719118;;17,719118;17,719118;0;;-0,002341;0,002341;0,004682
1343;17,719118;;17,719118;17,721459;0,002341;;0,002341;0;-0,002341
1344;17,721459;;17,721459;17,721459;0;;0;0;0
1345;17,721459;;17,721459;17,721459;0;;-0,000463;0,000463;0,000926
1346;17,721459;;17,721459;17,721922;0,000463;;-0,005607;0,00607;0,011677
1347;17,721922;;17,721922;17,727992;0,00607;;0,00607;0;-0,00607
1348;17,727992;;17,727992;17,727992;0;;0;0;0
1349;17,727992;;17,727992;17,727992;0;;0;0;0
1350;17,727992;;17,727992;17,727992;0;;-0,007261;0,007261;0,014522
1351;17,727992;;17,727992;17,735253;0,007261;;-0,001286;0,008547;0,009833
1352;17,735253;;17,735253;17,743800;0,008547;;0,005879;0,002668;-0,003211
1353;17,743800;;17,743800;17,746468;0,002668;;0,002668;0;-0,002668
1354;17,746468;;17,746468;17,746468;0;;0;0;0
1355;17,746468;;17,746468;17,746468;0;;-0,004716;0,004716;0,009432
1356;17,746468;;17,746468;17,751184;0,004716;;0,004716;0;-0,004716
1357;17,751184;;17,751184;17,751184;0;;-0,00047;0,00047;0,00094
1358;17,751184;;17,751184;17,751654;0,00047;;-0,001895;0,002365;0,00426
1359;17,751654;;17,751654;17,754019;0,002365;;0,002365;0;-0,002365
1360;17,754019;;17,754019;17,754019;0;;-0,004189;0,004189;0,008378
1361;17,754019;;17,754019;17,758208;0,004189;;0,004189;0;-0,004189
1362;17,758208;;17,758208;17,758208;0;;-0,000495;0,000495;0,00099
1363;17,758208;;17,758208;17,758703;0,000495;;-0,004993;0,005488;0,010481
1364;17,758703;;17,758703;17,764191;0,005488;;0,005488;0;-0,005488
1365;17,764191;;17,764191;17,764191;0;;-0,002071;0,002071;0,004142
1366;17,764191;;17,764191;17,766262;0,002071;;-0,013035;0,015106;0,028141
1367;17,766262;;17,766262;17,781368;0,015106;;0,015106;0;-0,015106
1368;17,781368;;17,781368;17,781368;0;;0;0;0
1369;17,781368;;17,781368;17,781368;0;;0;0;0
1370;17,781368;;17,781368;17,781368;0;;-0,002183;0,002183;0,004366
1371;17,781368;;17,781368;17,783551;0,002183;;-0,001401;0,003584;0,004985
1372;17,783551;;17,783551;17,787135;0,003584;;-0,006433;0,010017;0,01645
1373;17,787135;;17,787135;17,797152;0,010017;;0,009476;0,000541;-0,008935
1374;17,797152;;17,797152;17,797693;0,000541;;0,000541;0;-0,000541
1375;17,797693;;17,797693;17,797693;0;;0;0;0
1376;17,797693;;17,797693;17,797693;0;;0;0;0
1377;17,797693;;17,797693;17,797693;0;;0;0;0
1378;17,797693;;17,797693;17,797693;0;;0;0;0
1379;17,797693;;17,797693;17,797693;0;;0;0;0
1380;17,797693;;17,797693;17,797693;0;;0;0;0
1381;17,797693;;17,797693;17,797693;0;;0;0;0
1382;17,797693;;17,797693;17,797693;0;;0;0;0
1383;17,797693;;17,797693;17,797693;0;;-0,000697;0,000697;0,001394
1384;17,797693;;17,797693;17,798390;0,000697;;-0,03006;0,030757;0,060817
1385;17,798390;;17,798390;17,829147;0,030757;;0,030757;0;-0,030757
1386;17,829147;;17,829147;17,829147;0;;0;0;0
1387;17,829147;;17,829147;17,829147;0;;0;0;0
1388;17,829147;;17,829147;17,829147;0;;0;0;0
1389;17,829147;;17,829147;17,829147;0;;0;0;0
1390;17,829147;;17,829147;17,829147;0;;0;0;0
1391;17,829147;;17,829147;17,829147;0;;0;0;0
1392;17,829147;;17,829147;17,829147;0;;0;0;0
1393;17,829147;;17,829147;17,829147;0;;0;0;0
1394;17,829147;;17,829147;17,829147;0;;0;0;0
1395;17,829147;;17,829147;17,829147;0;;0;0;0
1396;17,829147;;17,829147;17,829147;0;;-0,000663;0,000663;0,001326
1397;17,829147;;17,829147;17,829810;0,000663;;-0,012827;0,01349;0,026317
1398;17,829810;;17,829810;17,843300;0,01349;;0,012677;0,000813;-0,011864
1399;17,843300;;17,843300;17,844113;0,000813;;0,000813;0;-0,000813
1400;17,844113;;17,844113;17,844113;0;;0;0;0
1401;17,844113;;17,844113;17,844113;0;;0;0;0
1402;17,844113;;17,844113;17,844113;0;;0;0;0
1403;17,844113;;17,844113;17,844113;0;;-0,004463;0,004463;0,008926
1404;17,844113;;17,844113;17,848576;0,004463;;0,004463;0;-0,004463
1405;17,848576;;17,848576;17,848576;0;;0;0;0
1406;17,848576;;17,848576;17,848576;0;;-0,009461;0,009461;0,018922
1407;17,848576;;17,848576;17,858037;0,009461;;-0,013863;0,023324;0,037187
1408;17,858037;;17,858037;17,881361;0,023324;;0,023324;0;-0,023324
1409;17,881361;;17,881361;17,881361;0;;0;0;0
1410;17,881361;;17,881361;17,881361;0;;0;0;0
1411;17,881361;;17,881361;17,881361;0;;0;0;0
1412;17,881361;;17,881361;17,881361;0;;0;0;0
1413;17,881361;;17,881361;17,881361;0;;0;0;0
1414;17,881361;;17,881361;17,881361;0;;0;0;0
1415;17,881361;;17,881361;17,881361;0;;0;0;0
1416;17,881361;;17,881361;17,881361;0;;0;0;0
1417;17,881361;;17,881361;17,881361;0;;0;0;0
1418;17,881361;;17,881361;17,881361;0;;-0,00056;0,00056;0,00112
1419;17,881361;;17,881361;17,881921;0,00056;;-0,000954;0,001514;0,002468
1420;17,881921;;17,881921;17,883435;0,001514;;0,001514;0;-0,001514
1421;17,883435;;17,883435;17,883435;0;;0;0;0
1422;17,883435;;17,883435;17,883435;0;;-0,007428;0,007428;0,014856
1423;17,883435;;17,883435;17,890863;0,007428;;0,007428;0;-0,007428
1424;17,890863;;17,890863;17,890863;0;;0;0;0
1425;17,890863;;17,890863;17,890863;0;;0;0;0
1426;17,890863;;17,890863;17,890863;0;;-0,000543;0,000543;0,001086
1427;17,890863;;17,890863;17,891406;0,000543;;-0,005763;0,006306;0,012069
1428;17,891406;;17,891406;17,897712;0,006306;;0,006306;0;-0,006306
1429;17,897712;;17,897712;17,897712;0;;-0,000621;0,000621;0,001242
1430;17,897712;;17,897712;17,898333;0,000621;;-0,00139;0,002011;0,003401
1431;17,898333;;17,898333;17,900344;0,002011;;0,002011;0;-0,002011
1432;17,900344;;17,900344;17,900344;0;;0;0;0
1433;17,900344;;17,900344;17,900344;0;;0;0;0
1434;17,900344;;17,900344;17,900344;0;;-0,006768;0,006768;0,013536
1435;17,900344;;17,900344;17,907112;0,006768;;0,006768;0;-0,006768
1436;17,907112;;17,907112;17,907112;0;;-0,000371;0,000371;0,000742
1437;17,907112;;17,907112;17,907483;0,000371;;-0,000997;0,001368;0,002365
1438;17,907483;;17,907483;17,908851;0,001368;;0,001368;0;-0,001368
1439;17,908851;;17,908851;17,908851;0;;-0,010898;0,010898;0,021796
1440;17,908851;;17,908851;17,919749;0,010898;;-0,003226;0,014124;0,01735
1441;17,919749;;17,919749;17,933873;0,014124;;0,014124;0;-0,014124
1442;17,933873;;17,933873;17,933873;0;;0;0;0
1443;17,933873;;17,933873;17,933873;0;;0;0;0
1444;17,933873;;17,933873;17,933873;0;;0;0;0
1445;17,933873;;17,933873;17,933873;0;;0;0;0
1446;17,933873;;17,933873;17,933873;0;;0;0;0
1447;17,933873;;17,933873;17,933873;0;;0;0;0
1448;17,933873;;17,933873;17,933873;0;;-0,010005;0,010005;0,02001
1449;17,933873;;17,933873;17,943878;0,010005;;0,010005;0;-0,010005
1450;17,943878;;17,943878;17,943878;0;;0;0;0
1451;17,943878;;17,943878;17,943878;0;;0;0;0
1452;17,943878;;17,943878;17,943878;0;;0;0;0
1453;17,943878;;17,943878;17,943878;0;;-0,000457;0,000457;0,000914
1454;17,943878;;17,943878;17,944335;0,000457;;-0,00523;0,005687;0,010917
1455;17,944335;;17,944335;17,950022;0,005687;;0,005687;0;-0,005687
1456;17,950022;;17,950022;17,950022;0;;0;0;0
1457;17,950022;;17,950022;17,950022;0;;-0,001092;0,001092;0,002184
1458;17,950022;;17,950022;17,951114;0,001092;;-0,000825;0,001917;0,002742
1459;17,951114;;17,951114;17,953031;0,001917;;0,001917;0;-0,001917
1460;17,953031;;17,953031;17,953031;0;;0;0;0
1461;17,953031;;17,953031;17,953031;0;;0;0;0
1462;17,953031;;17,953031;17,953031;0;;-0,012264;0,012264;0,024528
1463;17,953031;;17,953031;17,965295;0,012264;;-0,008886;0,02115;0,030036
1464;17,965295;;17,965295;17,986445;0,02115;;0,02115;0;-0,02115
1465;17,986445;;17,986445;17,986445;0;;0;0;0
1466;17,986445;;17,986445;17,986445;0;;0;0;0
1467;17,986445;;17,986445;17,986445;0;;0;0;0
1468;17,986445;;17,986445;17,986445;0;;0;0;0
1469;17,986445;;17,986445;17,986445;0;;0;0;0
1470;17,986445;;17,986445;17,986445;0;;0;0;0
1471;17,986445;;17,986445;17,986445;0;;0;0;0
1472;17,986445;;17,986445;17,986445;0;;-0,001047;0,001047;0,002094
1473;17,986445;;17,986445;17,987492;0,001047;;-0,0009;0,001947;0,002847
1474;17,987492;;17,987492;17,989439;0,001947;;0,001947;0;-0,001947
1475;17,989439;;17,989439;17,989439;0;;-0,002798;0,002798;0,005596
1476;17,989439;;17,989439;17,992237;0,002798;;-0,002238;0,005036;0,007274
1477;17,992237;;17,992237;17,997273;0,005036;;0,005036;0;-0,005036
1478;17,997273;;17,997273;17,997273;0;;0;0;0
1479;17,997273;;17,997273;17,997273;0;;-0,000421;0,000421;0,000842
1480;17,997273;;17,997273;17,997694;0,000421;;-0,001834;0,002255;0,004089
1481;17,997694;;17,997694;17,999949;0,002255;;-0,009939;0,012194;0,022133
1482;17,999949;;17,999949;18,012143;0,012194;;-0,012725;0,024919;0,037644
1483;18,012143;;18,012143;18,037062;0,024919;;0,024919;0;-0,024919
1484;18,037062;;18,037062;18,037062;0;;0;0;0
1485;18,037062;;18,037062;18,037062;0;;0;0;0
1486;18,037062;;18,037062;18,037062;0;;0;0;0
1487;18,037062;;18,037062;18,037062;0;;0;0;0
1488;18,037062;;18,037062;18,037062;0;;0;0;0
1489;18,037062;;18,037062;18,037062;0;;0;0;0
1490;18,037062;;18,037062;18,037062;0;;0;0;0
1491;18,037062;;18,037062;18,037062;0;;0;0;0
1492;18,037062;;18,037062;18,037062;0;;0;0;0
1493;18,037062;;18,037062;18,037062;0;;0;0;0
1494;18,037062;;18,037062;18,037062;0;;0;0;0
1495;18,037062;;18,037062;18,037062;0;;0;0;0
1496;18,037062;;18,037062;18,037062;0;;-0,000692;0,000692;0,001384
1497;18,037062;;18,037062;18,037754;0,000692;;-0,001201;0,001893;0,003094
1498;18,037754;;18,037754;18,039647;0,001893;;0,001893;0;-0,001893
1499;18,039647;;18,039647;18,039647;0;;0;0;0
1500;18,039647;;18,039647;18,039647;0;;0;0;0
1501;18,039647;;18,039647;18,039647;0;;0;0;0
1502;18,039647;;18,039647;18,039647;0;;-0,00373;0,00373;0,00746
1503;18,039647;;18,039647;18,043377;0,00373;;-0,007337;0,011067;0,018404
1504;18,043377;;18,043377;18,054444;0,011067;;0,011067;0;-0,011067
1505;18,054444;;18,054444;18,054444;0;;0;0;0
1506;18,054444;;18,054444;18,054444;0;;-0,000442;0,000442;0,000884
1507;18,054444;;18,054444;18,054886;0,000442;;-0,00359;0,004032;0,007622
1508;18,054886;;18,054886;18,058918;0,004032;;-0,012136;0,016168;0,028304
1509;18,058918;;18,058918;18,075086;0,016168;;0,004105;0,012063;0,007958
1510;18,075086;;18,075086;18,087149;0,012063;;0,012063;0;-0,012063
1511;18,087149;;18,087149;18,087149;0;;0;0;0
1512;18,087149;;18,087149;18,087149;0;;0;0;0
1513;18,087149;;18,087149;18,087149;0;;0;0;0
1514;18,087149;;18,087149;18,087149;0;;0;0;0
1515;18,087149;;18,087149;18,087149;0;;0;0;0
1516;18,087149;;18,087149;18,087149;0;;0;0;0
1517;18,087149;;18,087149;18,087149;0;;0;0;0
1518;18,087149;;18,087149;18,087149;0;;0;0;0
1519;18,087149;;18,087149;18,087149;0;;0;0;0
1520;18,087149;;18,087149;18,087149;0;;0;0;0
1521;18,087149;;18,087149;18,087149;0;;0;0;0
1522;18,087149;;18,087149;18,087149;0;;-0,000641;0,000641;0,001282
1523;18,087149;;18,087149;18,087790;0,000641;;-0,002424;0,003065;0,005489
1524;18,087790;;18,087790;18,090855;0,003065;;0,003065;0;-0,003065
1525;18,090855;;18,090855;18,090855;0;;0;0;0
1526;18,090855;;18,090855;18,090855;0;;0;0;0
1527;18,090855;;18,090855;18,090855;0;;0;0;0
1528;18,090855;;18,090855;18,090855;0;;-0,012994;0,012994;0,025988
1529;18,090855;;18,090855;18,103849;0,012994;;0,012994;0;-0,012994
1530;18,103849;;18,103849;18,103849;0;;-0,000442;0,000442;0,000884
1531;18,103849;;18,103849;18,104291;0,000442;;-0,012691;0,013133;0,025824
1532;18,104291;;18,104291;18,117424;0,013133;;0,013133;0;-0,013133
1533;18,117424;;18,117424;18,117424;0;;0;0;0
1534;18,117424;;18,117424;18,117424;0;;-0,000558;0,000558;0,001116
1535;18,117424;;18,117424;18,117982;0,000558;;-0,018619;0,019177;0,037796
1536;18,117982;;18,117982;18,137159;0,019177;;0,011522;0,007655;-0,003867
1537;18,137159;;18,137159;18,144814;0,007655;;0,007655;0;-0,007655
1538;18,144814;;18,144814;18,144814;0;;0;0;0
1539;18,144814;;18,144814;18,144814;0;;0;0;0
1540;18,144814;;18,144814;18,144814;0;;0;0;0
1541;18,144814;;18,144814;18,144814;0;;0;0;0
1542;18,144814;;18,144814;18,144814;0;;0;0;0
1543;18,144814;;18,144814;18,144814;0;;0;0;0
1544;18,144814;;18,144814;18,144814;0;;0;0;0
1545;18,144814;;18,144814;18,144814;0;;0;0;0
1546;18,144814;;18,144814;18,144814;0;;0;0;0
1547;18,144814;;18,144814;18,144814;0;;-0,000727;0,000727;0,001454
1548;18,144814;;18,144814;18,145541;0,000727;;-0,002579;0,003306;0,005885
1549;18,145541;;18,145541;18,148847;0,003306;;0,003306;0;-0,003306
1550;18,148847;;18,148847;18,148847;0;;0;0;0
1551;18,148847;;18,148847;18,148847;0;;0;0;0
1552;18,148847;;18,148847;18,148847;0;;0;0;0
1553;18,148847;;18,148847;18,148847;0;;0;0;0
1554;18,148847;;18,148847;18,148847;0;;0;0;0
1555;18,148847;;18,148847;18,148847;0;;0;0;0
1556;18,148847;;18,148847;18,148847;0;;0;0;0
1557;18,148847;;18,148847;18,148847;0;;0;0;0
1558;18,148847;;18,148847;18,148847;0;;0;0;0
1559;18,148847;;18,148847;18,148847;0;;0;0;0
1560;18,148847;;18,148847;18,148847;0;;-0,000626;0,000626;0,001252
1561;18,148847;;18,148847;18,149473;0,000626;;-0,005567;0,006193;0,01176
1562;18,149473;;18,149473;18,155666;0,006193;;0,006193;0;-0,006193
1563;18,155666;;18,155666;18,155666;0;;0;0;0
1564;18,155666;;18,155666;18,155666;0;;0;0;0
1565;18,155666;;18,155666;18,155666;0;;0;0;0
1566;18,155666;;18,155666;18,155666;0;;0;0;0
1567;18,155666;;18,155666;18,155666;0;;-0,000585;0,000585;0,00117
1568;18,155666;;18,155666;18,156251;0,000585;;-0,006491;0,007076;0,013567
1569;18,156251;;18,156251;18,163327;0,007076;;0,007076;0;-0,007076
1570;18,163327;;18,163327;18,163327;0;;-0,000401;0,000401;0,000802
1571;18,163327;;18,163327;18,163728;0,000401;;-0,020864;0,021265;0,042129
1572;18,163728;;18,163728;18,184993;0,021265;;0,01551;0,005755;-0,009755
1573;18,184993;;18,184993;18,190748;0,005755;;0,005755;0;-0,005755
1574;18,190748;;18,190748;18,190748;0;;0;0;0
1575;18,190748;;18,190748;18,190748;0;;0;0;0
1576;18,190748;;18,190748;18,190748;0;;0;0;0
1577;18,190748;;18,190748;18,190748;0;;0;0;0
1578;18,190748;;18,190748;18,190748;0;;0;0;0
1579;18,190748;;18,190748;18,190748;0;;0;0;0
1580;18,190748;;18,190748;18,190748;0;;0;0;0
1581;18,190748;;18,190748;18,190748;0;;0;0;0
1582;18,190748;;18,190748;18,190748;0;;-0,000686;0,000686;0,001372
1583;18,190748;;18,190748;18,191434;0,000686;;-0,013281;0,013967;0,027248
1584;18,191434;;18,191434;18,205401;0,013967;;0,011419;0,002548;-0,008871
1585;18,205401;;18,205401;18,207949;0,002548;;0,002548;0;-0,002548
1586;18,207949;;18,207949;18,207949;0;;-0,002576;0,002576;0,005152
1587;18,207949;;18,207949;18,210525;0,002576;;0,002576;0;-0,002576
1588;18,210525;;18,210525;18,210525;0;;0;0;0
1589;18,210525;;18,210525;18,210525;0;;-0,002806;0,002806;0,005612
1590;18,210525;;18,210525;18,213331;0,002806;;0,002471;0,000335;0
1591;18,213331;;18,213331;18,213666;0,000335;;-0,003007;0,003342;0,006349
1592;18,213666;;18,213666;18,217008;0,003342;;-0,009461;0,012803;0,022264
1593;18,217008;;18,217008;18,229811;0,012803;;0,002015;0,010788;0,008773
1594;18,229811;;18,229811;18,240599;0,010788;;0,010788;0;-0,010788
1595;18,240599;;18,240599;18,240599;0;;0;0;0
1596;18,240599;;18,240599;18,240599;0;;0;0;0
1597;18,240599;;18,240599;18,240599;0;;0;0;0
1598;18,240599;;18,240599;18,240599;0;;0;0;0
1599;18,240599;;18,240599;18,240599;0;;0;0;0
1600;18,240599;;18,240599;18,240599;0;;0;0;0
1601;18,240599;;18,240599;18,240599;0;;0;0;0
1602;18,240599;;18,240599;18,240599;0;;0;0;0
1603;18,240599;;18,240599;18,240599;0;;0;0;0
1604;18,240599;;18,240599;18,240599;0;;-0,000592;0,000592;0,001184
1605;18,240599;;18,240599;18,241191;0,000592;;-0,002864;0,003456;0,00632
1606;18,241191;;18,241191;18,244647;0,003456;;0,001038;0,002418;0,00138
1607;18,244647;;18,244647;18,247065;0,002418;;0,001459;0,000959;-0,0005
1608;18,247065;;18,247065;18,248024;0,000959;;-0,007311;0,00827;0,015581
1609;18,248024;;18,248024;18,256294;0,00827;;0,00827;0;-0,00827
1610;18,256294;;18,256294;18,256294;0;;-0,000443;0,000443;0,000886
1611;18,256294;;18,256294;18,256737;0,000443;;-0,005363;0,005806;0,011169
1612;18,256737;;18,256737;18,262543;0,005806;;0,005806;0;-0,005806
1613;18,262543;;18,262543;18,262543;0;;0;0;0
1614;18,262543;;18,262543;18,262543;0;;0;0;0
1615;18,262543;;18,262543;18,262543;0;;0;0;0
1616;18,262543;;18,262543;18,262543;0;;-0,014375;0,014375;0,02875
1617;18,262543;;18,262543;18,276918;0,014375;;0,000801;0,013574;0,012773
1618;18,276918;;18,276918;18,290492;0,013574;;-0,276157;0,289731;0,565888
1619;18,290492;;18,290492;18,580223;0,289731;;;;
1620;18,580223;;;;;;;;
;;;;;;;;;
;;;;Total Delay ;18,580223;;;Total Jitter;18,829006
;;;;Rata-rata Delay;0,011469273;;;Rata-rata Jitter;0,011622843
